"ID","Item title","Final URL","Image URL","Item description","Price"
"9023427969323","2u1 ranac i krevetić za bebu","https://www.kupilica.com/products/2u1-ranac-i-krevetic-za-bebu","https://cdn.shopify.com/s/files/1/0843/5738/2443/files/3bd89023-dc66-4de0-afd4-e2d2cdeb6f88_540x_e0433662-8ca6-42a0-8c36-1b2b55fad8e6.webp?v=1707131008","Revolucionarni dizajn – torba i krevetić u jednom .Napravi krevetić za bebu gde god poželite.Posebno dizajnirana torba ima odeljak sa zadnje strane koji se razvlači u krevetić za bebu. S ovom torbom presvlačenje izvan kuće nije naporno. Osim što ćete u njoj poneti sve što je potrebno bebi, u jednom ","2500.00 RSD"
"10089735291179","2u1 Zatvarač za plastične kese 1+1 gratis","https://www.kupilica.com/products/2u1-zatvarac-za-plasticne-kese-1-1-gratis","https://cdn.shopify.com/s/files/1/0843/5738/2443/files/Untitleddesign.png?v=1758182743","KAKO SAČUVATI SVEŽINU HRANE? Ovo je rešenje! Ne bacajte ostatke hrane. ✔ Ukus kao kod prvog otvaranja. ✔ Produžava rok trajanja 10 puta. ✔ SPAS ZA DOBRE DOMAĆICE - Zatvara SVE VRSTE kesica. - - 100% otporno na curenje. - - Pogodno za začine. - U PAKETU DOBIJATE: 1x USB Zatvarač kesica. ✔ 1x USB kaba","1490.00 RSD"
"9587097108779","360° polica za začine","https://www.kupilica.com/products/360-polica-za-zacine","https://cdn.shopify.com/s/files/1/0843/5738/2443/files/main-image-1_6e9756de-d37a-4db8-8718-9909c6a4789d.jpg?v=1721213453","Potpuno nov i kvalitetan Ovaj proizvod je potpuno nov i izuzetno visokog kvaliteta, pružajući dugotrajnu upotrebu. Plastični nosač u obliku ringišpila može se smestiti u malu pregradu, ostavljajući dovoljno prostora za druge kuhinjske aparate, predstavljajući kreativan način organizacije u svakom ku","2399.00 RSD"
"8867337273643","3u1 rgb led lampa-punjač i blutut zvučnik","https://www.kupilica.com/products/3u1-rgb-led-lampa-punjac-i-blutut-zvucnik","https://cdn.shopify.com/s/files/1/0843/5738/2443/files/2_3bca997e-56ac-4ece-b971-e9378b2afdf4.png?v=1699792551","Napravite atmosferu po vašoj meri - blutut zvučnik - - led lampa koja menja boje - - bežični punjač- Ulepšava svaki prostor 1. Menjajte boje i intezitet 2. Povežite se telefonom sa uredjajem i slušajte omiljenu muziku 3. Brzo napunite telefon bez kablova Razbijte monotoniju gde god se nalazili Pones","1990.00 RSD"
"9383195115819","3u1-laserska libela","https://www.kupilica.com/products/3u1-laserska-libela","https://cdn.shopify.com/s/files/1/0843/5738/2443/files/Libela.png?v=1715580592","Laserska Multifunkcionalna Libela 3u1 libela laser i metar Laserska libela Libela za tri vrste merenja . 1. Laser projektuje horizontalnu liniju. 2. Laser projektuje vertikalnu liniju . 3. Laser projektuje ukrstenu vertikalnu i horizontalnu liniju zajedno. Sa ovom vaser vagom dobijate metar (dužine ","1500.00 RSD"
"9025006928171","Aku makaze za orezivanje voća","https://www.kupilica.com/products/aku-makaze-za-orezivanje-voca","https://cdn.shopify.com/s/files/1/0843/5738/2443/files/elektricne-makaze-za-orezivanje-voca-21v-dve-baterije-kupilica.webp?v=1724948291","Umorni ste od napornog orezivanja? Predstavljamo vam revoluciju u voćarstvu – električne makaze dizajnirane da učine vaš rad bržim, lakšim i efikasnijim. Zaboravite na bol u rukama i izgubljeno vrijeme. Zamenite tradicionalne makaze modernom tehnologijom Naše električne makaze sa 21V baterijom omogu","6500.00 RSD"
"9024927236395","Aku ručna testera","https://www.kupilica.com/products/aku-rucna-testera","https://cdn.shopify.com/s/files/1/0843/5738/2443/files/Aku_testera.png?v=1724944948","Moćna i kompaktna aku testera za sve vaše potrebe u vrtu Predstavljamo vam revolucionarnu aku testeru koja će vam olakšati sve poslove u vrtu. Bez obzira da li obrezujete voćke, sečete drva ili uređujete živicu, ova testera je vaš idealan partner. Olakšajte sebi uz našu aku testeru Lagana, prenosiva","4990.00 RSD"
"9368746885419","Akumulatorski pištolj za farbanje - Brzo, efikasno i bez muke!","https://www.kupilica.com/products/aku-pistolj-za-farbanje-800w-sa-dve-baterije","https://cdn.shopify.com/s/files/1/0843/5738/2443/files/Nenaslovljeni_dizajn_46.png?v=1729719257","Umorni ste od mukotrpnog farbanja četkom i valjkom? Predstavljamo vam inovativni aku pištolj za farbanje koji će revolucionirati vaše projekte! Savršeno ravnomeran sloj boje u samo nekoliko minuta! Naš aku pištolj za farbanje 800W omogućuje vam brzo i jednostavno nanošenje boje na sve vrste površina","5999.00 RSD"
"9022802755883","Alat za pomeranje nameštaja","https://www.kupilica.com/products/alat-za-pomeranje-namestaja","https://cdn.shopify.com/s/files/1/0843/5738/2443/files/1-2.jpg?v=1707081592","Idealna stvar kada pravimo neki raspored a ne mozemo sami preneti stvari. Veoma je jednostavno rukovanje ovim alatom. Na sva cetiri ugla namestaja postavite ove tockove za pomeranje namestaja. Mogu da ponesu teret do 150kg, tako da ce vam dosta olaksati prilikom raspremanja. Rotacija: 360 stepeni 1 ","1399.00 RSD"
"9037375734059","Ambijentalno LED osvetljenje za enterijer automobila-RGB niti","https://www.kupilica.com/products/ambijentalno-led-osvetljenje-za-enterijer-automobila-rgb-niti","https://cdn.shopify.com/s/files/1/0843/5738/2443/files/viber_image_2021-08-25_09-29-37-776.jpg?v=1707730123","Led niti za ambijentalno osvetljenje automobila, po ugledu na najnovije modele premijum brendova. Kontrola i određivanje boje putem bluetooth-a telefonom preko APLIKACIJE ZA ANDROID ili IOS do koje se dolazi skeniranjem bar koda koji dobijate u pakovanju. Karakteristike:5 Led topa od kojih su:3 topa","2490.00 RSD"
"9368668471595","Aparat za kokice","https://www.kupilica.com/products/aparat-za-kokice","https://cdn.shopify.com/s/files/1/0843/5738/2443/files/71HMhaMUUuL._AC_UF1000_1000_QL80.jpg?v=1715162929","🍿 Savršene kokice za par minuta, bez ulja i nereda 😤 Dosadile su vam kokice koje zagore i kuhinja puna dima? Svaki put isto. Zadimljena kuća, zagorela šerpa, pola zrna neispucano. Previše ili premalo ulja – nikad savršeno. Pravljenje kokica postane stres, umesto uživanja. ✅ Aparat za kokice na topli","1990.00 RSD"
"9587098288427","Aparat za sušenje i sterilizaciju obuće","https://www.kupilica.com/products/aparat-sa-susenje-i-sterilizaciju-obuce","https://cdn.shopify.com/s/files/1/0843/5738/2443/files/1_56e0ae57-50da-4531-b685-3ec1428f0aee.jpg?v=1721213487","Brzo sušenje: Koristi 360° porozno rasipanje toplote za efikasno sušenje od prstiju do pete, maksimalno cirkulišući toplotu i brže sušeći obuću. Tajmer od 120 minuta: Dugotrajno sušenje bez potrebe za stalnim nadzorom. Automatsko isključivanje nakon 120 minuta rada omogućava miran rad. Ravnomerno su","2199.00 RSD"
"9023942426923","Aparat za vakumiranje hrane","https://www.kupilica.com/products/aparat-za-vakumiranje-hrane","https://cdn.shopify.com/s/files/1/0843/5738/2443/files/5dfce744-5a51-45c7-8d37-6b0ed2c877d8.87cd83efcb422f09ca134cdbdfb79e5f_7f96f038-c99e-4099-8f18-8324db6e4828.webp?v=1707145648","Aparat za vakumiranje održava hranu svežom, i produžava joj rok trajanja za 5x. Možete vakumirati bilo koju vrstu hrane: Meso, voće, povrće i slično. Vakuumiranjem hrane dobijate više prostora u frižideru. Aparat je vrlo jednostavan i bezbedan za korišćenje, da mogu bez problema i deca da ga koriste","1990.00 RSD"
"9025016693035","AquaForce pištolj za pranje pod pritiskom","https://www.kupilica.com/products/aquaforce-pistolj-za-pranje-pod-pritiskom","https://cdn.shopify.com/s/files/1/0843/5738/2443/files/IMG-fc741289e60783749372fab670552d97-V.jpg?v=1707155358","Slab mlaz vode Vam otežava pranje automobila? Više ne morate da se nervirate i trošite sate na jednostavnu aktivnost. Izglancajte svoje vozilo bez po muke! Uštedite novac na pranju auta Dani pranja vozila u autoperionici su iza Vas! Sada sami možete oprati svoj auto kao pravi profesionalac! Ultra ja","3550.00 RSD"
"9064134902059","Astronaut projektor sa blututom","https://www.kupilica.com/products/astronaut-projektor-sa-blututom","https://cdn.shopify.com/s/files/1/0843/5738/2443/files/3_bc66e137-a4b0-421c-a144-543d32eaeb4e.png?v=1709134717","Neka vaši najmlađi dožive čarobno galaktičko iskustvo -8 različitih projekcija- -4 nivoa osvetljenje- -2 režima rada(sa zvezdicama i bez)- Napravite magičan ambijent u vašem domu 1.Projektuje galaksije visoke definicije 2.Ulepšava svaki prostor 3.Podiže raspoloženje Ambijent lampa idealna za svaku v","2500.00 RSD"
"9382359073067","Astronaut Projektor Zvezdanog Neba","https://www.kupilica.com/products/astronaut-projektor-zvezdanog-neba","https://cdn.shopify.com/s/files/1/0843/5738/2443/files/1_33f0a18c-6abc-43c8-ad0f-f35b65f78669.png?v=1715550889","Recite Zbogom Noćnim Strahovima Bezbedna i Umirujuća Svetlost za Sladak San 1.Multifunkcionalna Zvezdana Projekcija 2.Edukativni Aspekt 3.Pomagač za Bolji San Neka Vaši Mali Istraživači Otkriju Svemir Podstaknite dečiju maštu i interesovanje za nauku od rane dobi *Savremeni Dizajn-mali i moćan *Pokr","1999.00 RSD"
"9587108741419","AUTIĆ KOJI VOZI PO ZIDU","https://www.kupilica.com/products/autic-koji-vozi-po-zidu","https://cdn.shopify.com/s/files/1/0843/5738/2443/files/rc-wall-climbing-mini-car-toy-wireless-e_main-0_720x_6db7d839-2357-4b58-b775-10392384ce8f.webp?v=1721213735","AUTIĆ KOJI VOZI PO ZIDU I STAKLU - NEŠTO ŠTO ĆE VAŠE DETE OBOŽAVATI! Ukoliko i vašem detetu jako brzo dosade sve igračke i stalno želi nove - autić koji vozi po zidu će ga potpuno oduševiti i učiniti da zaboravi na sve ostale igračke! Autić je moguće voziti po zidu, parketu, staklu, pa čak i po plaf","1999.00 RSD"
"10054654918955","Automatski Čistač Šapa za Kućne ljubimce","https://www.kupilica.com/products/automatski-cistac-sapa-za-kucne-ljubimce","https://cdn.shopify.com/s/files/1/0843/5738/2443/files/2_ea5d3028-459a-4b5d-bc1e-fc1d66999b32.png?v=1755709825","📞 PORUČIVANJE NA BROJ: 063/788-42-63 Umoran si od prljavih otisaka šapa po stanu? 🐾 Predstavljamo ti Automatski čistač šapa za kućne ljubimce – praktično rešenje za čiste šapice i uredan dom! 🐶🐱 💡 BENEFITI AUTOMATSKOG ČISTAČA: 🧼 Temeljno pere i uklanja blato, prašinu i nečistoće 💨 Automatski rad – s","1990.00 RSD"
"10267266548011","Automatski punjač za akumulator - 12V - 6A","https://www.kupilica.com/products/automatski-punjac-za-akumulator-12v-6a","https://cdn.shopify.com/s/files/1/0843/5738/2443/files/5_2bfa23ff-80c8-474b-8dc3-8aa671a0092a.png?v=1770199636","Automatski punjač za akumulator 12V / 6A omogućava sigurno, brzo i jednostavno punjenje bez komplikacija. Sam prepoznaje stanje baterije i automatski prekida punjenje kada je akumulator pun. Ovaj pametan automatski punjač akumulatora dizajniran je za efikasno i bezbedno punjenje 12V baterija . Zahva","2399.00 RSD"
"9368575377707","Baby monitor kamera","https://www.kupilica.com/products/baby-monitor-kamera","https://cdn.shopify.com/s/files/1/0843/5738/2443/files/IMG-ec174868a06f5dc113d8cd0c5f05988e-V.jpg?v=1715157871","Bebi monitor sa kamerom Night Vision, za osmatranje u potpunom mraku. Ima mogucnost pustanja baby muzike za uspavljivanje i animiranje deteta, takodje nocno svetlo i mogucnost merenja temperature sobe. Jedinica za roditelje ima integrisanu bateriju koja se dopunjava kada ukljucite monitor u struju. ","5490.00 RSD"
"9380261429547","Baterijski uredjaj za košenje ProCut","https://www.kupilica.com/products/baterijski-uredjaj-za-kosenje-procut","https://cdn.shopify.com/s/files/1/0843/5738/2443/files/437129337_939485244853012_6510474049544060977_n.jpg?v=1716107802","Baterijski trimer za travu je funkcionalno rešenje za košenje mesta do kojih obična kosilica nije u mogućnosti da pristupi. Dolazi sa 5 plastičnih noževa za košenje travnjaka, neoštećujući travu i pružajući urednu travu. 2 metalne oštrice za sečenje i obrezivanje. Teleskopska rucka sa jednim dug","3990.00 RSD"
"9970535104811","BB Kremasti Puder (1+1 GRATIS) +POKLON električni čistač za četkice","https://www.kupilica.com/products/bb-kremasti-puder-flaming1-1-gratis-efekat-photoshopa-u-trenu-poklon-elektricni-cistac-za-cetkice","https://cdn.shopify.com/s/files/1/0843/5738/2443/files/Untitleddesign_15.png?v=1746431179","Tražite savršen puder koji prekriva, ali izgleda prirodno? Zablistajte kao da imate filter – bez filtera! ✓ Kada nega kože i savršen ten idu ruku pod ruku. ✓ Idealno rešenje za svaki dan, posao, izlazak ili fotkanje. ✓ BB KREMA KOJA MENJA SVE Zaboravite na teške pudere i masnu kožu! Ova lagana BB kr","2590.00 RSD"
"10010544111915","Bežična 4u1 mini klima sa punjivom baterijom","https://www.kupilica.com/products/bezicna-4u1-mini-klima-punjiva-baterija","https://cdn.shopify.com/s/files/1/0843/5738/2443/files/3_brzine_ventilatora_6.png?v=1750581999","🌬️ Umorni ste od vrućine i suvog vazduha? Konačno rešenje za vaš lični prostor! ✨ Da li vas letnje vrućine guše u kancelariji, spavaćoj sobi ili dok uživate na balkonu? Klima uređaji su preveliki i troše previše struje, a obični ventilatori samo pomeraju vreo vazduh? Znamo taj osećaj – i imamo savrš","1799.00 RSD"
"9383223066923","Bežične Bluetooth slušalice M10 sa kućištem za punjenje","https://www.kupilica.com/products/bezicne-bluetooth-slusalice-m10-sa-kucistem-za-punjenje","https://cdn.shopify.com/s/files/1/0843/5738/2443/files/A1.r.jpg?v=1715581283","LED LCD displej Jako kvalitetan zvuk, bez šumova Osetlhivi touch na samim slušalicama Služi i kao power bank, možete puniti svoj telefon Ekran sa indikatorom koliko je baterija puna LED svetlo 9d HiFi zvuk Baterija od 2000mAh Blutut verzija: 5.1 Domet: 10m Vodootporne su, poseduju oznaku IPX7 zaštit","1799.00 RSD"
"9046628008235","Bežični mini kompresor pumpa za gume","https://www.kupilica.com/products/bezicni-mini-kompresor-pumpa-za-gume","https://cdn.shopify.com/s/files/1/0843/5738/2443/files/be_i_ni_kompresor_za_gume_5.png?v=1708462448","Bezbednost na Dosegu Ruke: Akumulatorski Mini Kompresor za Sve Vaše Putne Avanture! Lagan,mali i prenosiv veoma pogodan za kampovanje i hitne slučajeve na putu. Prenosivost : Kompaktan dizajn omogućava lako nošenje i upotrebu bilo gde, što ga čini idealnim za putovanja. Jednostavnost korišćenja : Je","2690.00 RSD"
"9383181844779","Bluetooth zvucnik sa mikrofonom 40cm","https://www.kupilica.com/products/bluetooth-zvucnik-sa-mikrofonom-40cm","https://cdn.shopify.com/s/files/1/0843/5738/2443/files/110928376_6030cbea6369d8-747167961613810627536_1024x1024_2x_aa00352e-88df-4ab0-af44-9bb0e84bbc58.webp?v=1715580215","Karakteristike uredjaja: – Podrzava MP3 WMA formate – 2 zvucnika stereo veličine 4″ – FM Radio – Bluetooth – Ima ugradjen displej – Ulaz za USB flash disk/microSD card – Karaoke(reverberation) – Mogucnost reprodukcije sa Sd kartice ili USB – LINE ulaz – Mic ulaz – Izlaz za slusalice – AUX kabal – US","3500.00 RSD"
"9022800036139","Ceger kolica za prodavnicu","https://www.kupilica.com/products/2u1-ceger-kolica","https://cdn.shopify.com/s/files/1/0843/5738/2443/files/Ha95a87be4efb48a990d363d4e326db76i_720x_5fbcf36a-c4c2-4eee-bc11-8049e567cad3.webp?v=1707080692","2u1 kolica za kupovinu će vam pomoći da kupite sve što vam je potrebno bez ikakvih poteškoća. Ova jedinstvena kombinacija cegera i kolica nudi savršeno rešenje za sve koji su umorni od pretrpanih ruku i stalnog trošenja novca na plastične kese. Bez ikakvog napora, ponesite sve što vam je potrebno do","990.00 RSD"
"9587095241003","Čelični nastavak za trimer","https://www.kupilica.com/products/celicni-nastavak-za-trimer","https://cdn.shopify.com/s/files/1/0843/5738/2443/files/564.jpg?v=1721213401","Nemojte se mučiti sa žičanim nastavcima za kosilicu koji se upletu sami u sebe i preskaču travu pri košenju. Ovaj nastavak sa 6 čeličnih sečiva osigurava maksimalnu preciznost pri košenju nezavisno od podloge i okruženja. Nastavak sa 6 sečiva se može prikačiti na sve standardne modele kosilica. Koše","1399.00 RSD"
"9049998065963","Daska za sklekove","https://www.kupilica.com/products/daska-za-sklekove","https://cdn.shopify.com/s/files/1/0843/5738/2443/files/1_b2b1aad8-256f-4dd5-b927-baff300d5a76.png?v=1708504156","Daska za sklekove omogućava Vam da kod kuće izvodite vezbe za gornji deo tela u najpravilnijem mogućem položaju i tako postignete brže rezultate! Kombinacijom različitih položaja koji su označeni bojama, ciljano pogađate mišiće grudi,ledja,ruku i ramena. Sagorećete kalorije i dobiti na snazi pri tom","1990.00 RSD"
"10010528547115","Dečija vodena podloga za igranje","https://www.kupilica.com/products/decija-vodena-podloga-za-igranje","https://cdn.shopify.com/s/files/1/0843/5738/2443/files/6_53b8ebec-8bc4-46c4-9af9-00a3d965f772.png?v=1750413508","VODENA EDUKATIVNA PODLOGA – MORSKA AVANTURA ZA NAJMLAĐE! 🌊🐠 Uvedite svoje dete u čarobni svet mora i morskih životinja uz ovu vodenu podlogu za igru , koja spaja zabavu i učenje! 🌟 Napravljena da stimuliše razvoj motorike, radoznalosti i mašte , ova podloga pruža jedinstveno interaktivno iskustvo ko","1460.00 RSD"
"8893799203115","Dečije magično ćebe koje svetli u mraku","https://www.kupilica.com/products/decije-magicno-cebe-koje-svetli-u-mraku","https://cdn.shopify.com/s/files/1/0843/5738/2443/files/1_c919e0a0-5c38-46bb-8e61-f6f9a95aca20.png?v=1701341023","Fenomenalan poklon za mališane svih uzrasta! - mekano - - svetli u mraku- - lako za održavanje - Ćebe ima neverovatan dizajn koji ga čini savršenim za noć i stvara prelepu atmosferu u vašoj spavaćoj sobi. Jednostavno ga izložite jakom izvoru svetlosti ili sunčevoj svetlosti 10-15 minuta da apsorbu","1490.00 RSD"
"9587092816171","DEČIJI STO SA PROJEKTOROM ZA CRTANJE","https://www.kupilica.com/products/deciji-sto-sa-projektorom-za-crtanje","https://cdn.shopify.com/s/files/1/0843/5738/2443/files/kids-painting-board-toys-children-led-pr_main-3_1.jpg?v=1721213345","Deciji tablet sa projektorom omogućava deci da crtaju na osnovu uzorka koji se projektuje na stolu. Uključuje 3 projekcijske klizače, a svaki klizač ima 8 različitih uzoraka (ukupno 24 uzorka) sa muzikom kako bi privukli pažnju dece i zadržali ih duže da pišu i crtaju. - razvija percepciju boja i sp","2499.00 RSD"
"9049999769899","Digitalni sef sa 2 ključa","https://www.kupilica.com/products/digitalni-sef-sa-2-kljuca","https://cdn.shopify.com/s/files/1/0843/5738/2443/files/2_4035e088-b015-4487-8b1e-8616826a660a.png?v=1708504592","Kućni, kancelarijski ili hotelski sef, jednostavan za upotrebu, pouzdan i siguran. Pruža dodatnu sigurnost vašeg boravišnog prostora. Sef je moguće, sa unutrašnje strane, fiksirati, šrafovima, za podlogu. Sef je standardnih dimenzija dovoljnih za čuvanje vrednosti, jednostavan za upotrebu, pouzdan i","3500.00 RSD"
"9587089572139","Disk solarne led lampe 4 komada","https://www.kupilica.com/products/disk-solarne-led-lampe-4-komda","https://cdn.shopify.com/s/files/1/0843/5738/2443/files/main-image-3_1816fbb5-c9a5-45c3-ab84-1f72a40df681.jpg?v=1721213263","Osvežite svoje omiljeno mesto Solarne disk led lampe koje će promeniti u potpunosti energiju i izgled vašeg omiljenog kutka Bilo gde Solarne disk led lampe možete postaviti gde god želite. Bez postolja na beton staze ili ogradu, sa postoljem koje se jednostavno postalja možete zabosti u zemlju. Sola","1599.00 RSD"
"9598064558379","Domino Vozić - 80 Delova","https://www.kupilica.com/products/domino-vozic","https://cdn.shopify.com/s/files/1/0843/5738/2443/files/Nenaslovljenidizajn_31_1.png?v=1721681513","DOMINO VOZIĆ SA 80 DOMINA Neka igra počne! ✓ Gledajte kako vaš mališan uživa u igri. ✓ Razvijajte kreativnost i veštine kroz zabavu. ✓ MAGIČNA IGRA SA DOMINAMA Pametni dizajn: Vozić koji automatski ispušta domine dok vozi - Savršeno postavljanje domina za beskrajne igre - Kvalitetni materijali: Izra","2160.00 RSD"
"9368701468971","Dron Silver EaglePro","https://www.kupilica.com/products/dron-silver-eaglepro","https://cdn.shopify.com/s/files/1/0843/5738/2443/files/s-l640_8198f63e-1be0-4ef5-9ecf-9124cee353c9.webp?v=1715164580","Napravite jedistvene i unikatne snimke iz ptičije perspektive. Dron Silver Eagle PRO sa WiFi HD kamerom dolazi u fabričkom pakovanju idealan za poklon i rekreaciju. Lako je sklopiv, tako da ga možete poneti bilo gdje, na putovanja, na odmor ili na izlete i tako ovekovečite svoje avanture vrhunskim H","3990.00 RSD"
"9368663720235","Držač za ubruse i folije sa policom sa začine","https://www.kupilica.com/products/drzac-za-ubruse-i-folije-sa-policom-sa-zacine","https://cdn.shopify.com/s/files/1/0843/5738/2443/files/342014623_515974290553803_1880308777732916884_n.jpg?v=1715162644","Raspolaže sa tri mesta za: alu foliju, prijanjajuću (plastičnu) foliju i kuhinjski ubrus. – Na gornjem delu poseduje malu policu pogodnu za drzanje zacina ili rezervne folije Proverena tehnologija sečenja. – Folije ne zapinju. – Ivice precizno isečene. – Jednostavno postavljanje folije i ubrusa","1799.00 RSD"
"9587088818475","Dusek - krevet za auto","https://www.kupilica.com/products/duse-krevet-za-auto","https://cdn.shopify.com/s/files/1/0843/5738/2443/files/KhHPCar-bed-SUV-car-inflatable-bed-air-cushion-bed-trunk-car-travel-bed-folding-bed-inflatable.jpg?v=1721213237","Super praktično rešenje za putovanja Krevet za auto koji će svaki Vaš put učitini još udobnijim. Deca ća ga obožavati, odrasli će odmoriti. Potpuno siguran Krevet se savršeno uklapa u gotovo svaki automobil zahvaljujući odličnom prilagodljivom dizajnu i svim zaštitama koje pokrivaju sve nezgodne ćoš","3799.00 RSD"
"9586989465899","Egg Sitter - Jastuk za udobno sedenje","https://www.kupilica.com/products/egg-sitter-jastuk-za-udobno-sedenje","https://cdn.shopify.com/s/files/1/0843/5738/2443/files/108299229_5ffa349a9005a0-47620402egg-sitter-3.jpg?v=1721210113","Pozdravite se sa bolovima, ukočenim mišićima uzrokovanim sedenjem tokom čitavog dana. Standardni jastuci za oslonac zahtevaju rupu koja je izrezana na jastuku da podrži vašu kost, ali ne i Egg sitter. On se savija i prilagođava vašoj repnoj kosti i oblikuje, apsorbujući tačke pritiska. Osećate bol u","1299.00 RSD"
"9941291073835","Električni Česalj protiv vaši- Zaštitite vaše dete na vreme!","https://www.kupilica.com/products/elektricni-cesalj-zastitite-vase-dete-na-vreme","https://cdn.shopify.com/s/files/1/0843/5738/2443/files/2_7fb7d94b-afd9-42e7-b9f4-19dcdd122fb0.png?v=1743105890","ZABRINUTI STE DA ĆE DETE DOBITI VAŠKE? Zaboravite brige, recite zbogom vašima! ✓ Jednostavno, bezbedno, efikasno! ✓ Zaštitite svoje najmilije s lakoćom. ✓ ELEKTRIČNI ČEŠALJ PROTIV VAŠI Savršen saveznik u borbi protiv vaši! LED svetlo plave boje za bolju vidljivost i preciznost. USB punjenje za nepre","1999.00 RSD"
"9586988810539","False Teeth - smesa za razmake izmedju zuba","https://www.kupilica.com/products/false-teeth-smesa-za-razmake-izmedju-zuba","https://cdn.shopify.com/s/files/1/0843/5738/2443/files/1_796260ef-d1b6-4ea6-9b95-69bf3d1966d3.jpg?v=1721210081","FALSE TEETH - Napredna formula za dugotrajno popunjavanje Neka vaš osmeh zasija punim sjajem sa False Teeth . Naša specijalno formulirana smesa pruža ne samo efikasno popunjavanje, već i osigurava da vaši zubi izgledaju prirodno i negovano. Lepši i puniji osmeh False Teeth jača vaše zube i popunjava","1499.00 RSD"
"9587090391339","Fleksibilna prskalica sa 12 nastavaka","https://www.kupilica.com/products/fleksibilna-prskalica-sa-12-nastavaka","https://cdn.shopify.com/s/files/1/0843/5738/2443/files/main-image-1_2ada78a1-9cea-4edf-864b-40519c61c75b.jpg?v=1721213283","Opis Leta su sve toplija a vašem travnjaku je potrebno redovno zalivanje i da pritom to bude ravnomerno zalivanje po celom travnjaku. Upravo ovakav efekat ćete dobiti sa novom univerzalnom FLEXI prskalicom. DUGOTRAJAN VEK TRAJANJA Vašem baštenskom crevu ovo je neophodno, a moći će da vam služi još d","999.00 RSD"
"9371107590443","Fotoaparat za decu","https://www.kupilica.com/products/fotoaparat-za-decu","https://cdn.shopify.com/s/files/1/0843/5738/2443/files/foto-aparat-za-decu-2.webp?v=1715241059","Ovo je zapravo prava kamera upakovana u ovako zanimljiv dizajn za mališane. Ima dva moda rada. Može da snima i da slika. Ukoliko uključite mode za slikanje, možete dodati i neke efekte na sliku. Ugrađeno je i par igrica. Podržava memorisku karticu do 32 gb. Kad mališanima slikanje dosadi, fotoaparat","2500.00 RSD"
"8863967478059","Galaktička projektor lampa 8u1","https://www.kupilica.com/products/galakticka-projektor-lampa-8u1","https://cdn.shopify.com/s/files/1/0843/5738/2443/files/5_c4d8b26c-4617-4d16-aedb-53ab15992722.png?v=1699521457","Neka vaši najmlađi dožive čarobno galaktičko iskustvo -8 različitih projekcija- -4 nivoa osvetljenje- -2 režima rada(sa zvezdicama i bez)- Napravite magičan ambijent u vašem domu 1.Projektuje galaksije visoke definicije 2.Ulepšava svaki prostor 3.Podiže raspoloženje Ambijent lampa idealna za svaku v","1990.00 RSD"
"8915158860075","Grejač auto sedišta 12v","https://www.kupilica.com/products/grejac-auto-sedista-12v","https://cdn.shopify.com/s/files/1/0843/5738/2443/files/1_686388e8-c875-49c8-acff-831df7b7b3e8.png?v=1702296239","ODLIČNO REŠENJE DA VAM BUDE TOPLO OVE ZIME - greje sedište za 30 sekundi - - udobno - -lako se montira i čisti - IZUZETNA UDOBNOST I GREJANJE U VOŽNJI 1. I zrađena od visokokvalitetnih grejnih vlakana 2. Puni se preko upaljača u autu na 12v 3. Vodootporna podloga POBOLJŠANI POLOŽAJ SEDENJA Nudi potp","1590.00 RSD"
"10060726632747","Inhalator za porodicu","https://www.kupilica.com/products/inhalator-za-porodicu","https://cdn.shopify.com/s/files/1/0843/5738/2443/files/4_378c5868-165b-4287-af0f-29750d04178d.png?v=1756154720","📞 PORUČIVANJE NA BROJ: 063/788-42-63 Tražiš rešenje za lakše disanje i olakšanje tegoba disajnih puteva ? 🌬️💙 Prenosivi inhalator (nebulizator) – idealan za decu i odrasle! 💡 BENEFITI INHALATORA: 🌬️ Raspršuje lek u fine čestice – brzo deluje na disajne puteve 👶👨👩👧 Pogodan za decu i odrasle (maska + ","1990.00 RSD"
"9587066077483","Jastuk za noge","https://www.kupilica.com/products/jastuk-za-noge","https://cdn.shopify.com/s/files/1/0843/5738/2443/files/2_c267c35c-7664-44cf-a393-6139ff192e0f.jpg?v=1721212616","Doživite vrhunsku prilagođenu podršku i udobnost s ovim jastukom u obliku srca, ispunjenim memorijskom penom, osmišljenim da poboljša vaš san i ukupno blagostanje. Punjenje memorijskom penom: Ovaj jastuk ima punjenje memorijskom penom koja se prilagođava obliku tela i pruža prilagođenu podršku za ud","1399.00 RSD"
"9587060408619","Joga masažna prostirka","https://www.kupilica.com/products/joga-masazna-prostirka","https://cdn.shopify.com/s/files/1/0843/5738/2443/files/main-image-2_8f54b895-1721-4823-a00f-6a3e457edda4.jpg?v=1721212472","Akupresurne podloge su alternativni medicinski proizvod koji omogućava korisnicima blagodeti akupresurne terapije u udobnosti vlastitog doma. Akupresurne prostirke deluju na različite nervne završetke i akupresurne tačke duž kičme, što pomaže u oslobađanju napetosti i stimuliše proizvodnju hormona p","1999.00 RSD"
"9037374751019","Kamera sijalica rotirajuca","https://www.kupilica.com/products/kamera-sijalica-rotirajuca","https://cdn.shopify.com/s/files/1/0843/5738/2443/files/Untitled_design_19.png?v=1755079222","Full HD Rezolucija Uživajte u kristalno čistim snimcima i videima u Full HD rezoluciji. Svaki detalj je jasno prikazan, što vam omogućava da u svakom trenutku imate potpuni uvid u ono što se dešava u vašem domu. PTZ rotacija Kontrolišite kameru u horizontalnom i vertikalnom pravcu direktno sa svog m","2500.00 RSD"
"9368734499115","Kreativni stočić sa projektorom za decu","https://www.kupilica.com/products/stocic-za-crtanje-sa-projektorom","https://cdn.shopify.com/s/files/1/0843/5738/2443/files/Untitled_design_18.png?v=1755069083","DEČIJI SNOVI SE OSTVARUJU! Budi razmišljanje kod dece. ✓ Otkriva talenat za crtanje. ✓ Pripremite se za zabavu . ✓ ZABAVA KAO NIKADA DO SADA - Bezbednost i higijena zagarantovani. - - Deca će uživati u svakom crtežu. - - Jednostavno za korišćenje. - UZ PROJEKTOR DOBIJATE: 1x Projektor za crtanje sa ","1990.00 RSD"
"9937820418347","Kutija za Štednju - Naučite dete da Štedi novac!","https://www.kupilica.com/products/kutija-za-stednju-naucite-dete-da-stedi-novac","https://cdn.shopify.com/s/files/1/0843/5738/2443/files/Stednja_nikad_nije_bila_zanimljivija_2_1.png?v=1742839246","Kutija je od jake svetle iverice kao sa prve slike Postignite finansijsku slobodu sa stilom! ✓ Keš kutija za štednju koja motiviše svakodnevno. ✓ Savršen način da naučite decu vrednost štednje i ostvarite ciljeve. ✓ ORGANIZUJTE I INSPIRIŠITE! Funkcionalna i elegantna kutija – idealna za svaki dom. P","999.00 RSD"
"8989521215787","Laser za nivelaciju 4D 16 linija","https://www.kupilica.com/products/laser-za-nivelaciju-4d-16-linija","https://cdn.shopify.com/s/files/1/0843/5738/2443/files/2_bac8584c-cada-4d7d-80ac-9b0495d6d8c5.png?v=1705874157","Laser za NIVELACIJU domet 100 metara 360 stepeni Idealno za keramicare, gipsare i ostale majstore kojima je neophodna preciznost u svakodnevnom poslu. Projektuje laser horizontalno,vertikalno kao i dijagonalno pod svakim uglom zahvaljujući lock funkciji. Pakovanje sadrži: Tripod postolje-Lift postol","6999.00 RSD"
"10176570982699","Led Kamin sa efektom vatre","https://www.kupilica.com/products/imitacija-kamina-ukrasni-led-kamin-lampa","https://cdn.shopify.com/s/files/1/0843/5738/2443/files/Untitled_design_4.png?v=1764919744","Savršena atmosfera doma uz uverljiv plamen i umirujući efekat ✨ Hladno osvetljenje i prostor bez dekorativne topline deluju prazno i nepozivajuće. Posle napornog dana teško je opustiti se u okruženju koje ne pruža mir, nežno svetlo i osećaj udobnosti. Kamin bi rešio sve to, ali njegova ugradnja je s","2800.00 RSD"
"9368659165483","Led lampa za glavu","https://www.kupilica.com/products/led-lampa-za-glavu","https://cdn.shopify.com/s/files/1/0843/5738/2443/files/IMG-9da21de1cbe77c214ecad76d16cde636-V.jpg?v=1715162449","Veoma prakticna LED lampa pogodna za idealna za voznju bicikle nocu, pecarose, automehanicare posto su ruke slobodne, kao i za majstore svih zanata kad je potrebno dodatno svetlo, a slobodne ruke. Karakteristike: – Lampa koristi dve punjive Litijum-jonske baterije od 3.7V kapaciteta 4200mAh koje dol","1690.00 RSD"
"9586987106603","LED luster sa ventilatorom 40w","https://www.kupilica.com/products/led-luster-sa-ventilatorom-40w","https://cdn.shopify.com/s/files/1/0843/5738/2443/files/1713376413-3004851131710711837.webp?v=1721209984","LED luster sa ventilatorom, 3 vrste svetla koje menjate preko daljinskog upravljača (hladno bela, prirodno bela i toplo bela boja) i 3 brzine rada ventilatora. Ventilator moze biti upaljen iako je svetlo ugaseno! Sve što treba da uradite jeste da u standardno grlo postavite ovaj ventilator i uživate","3399.00 RSD"
"10011997339947","Led luster sa ventilatorom E27","https://www.kupilica.com/products/led-luster-sa-ventilatorom-e27","https://cdn.shopify.com/s/files/1/0843/5738/2443/files/71_i_vLA2L_91368162-992b-4c1a-ae96-d3162fe4321d.webp?v=1750583228","✅ Rashladite i osvetlite sobu – sve iz jednog uređaja! Predstavljamo Mali plafonski ventilator – elegantno rešenje koje hladi i osvetljava vaš prostor dok vi uživate u savršenoj atmosferi. Instalira se kao obična sijalica, a pretvara svaku prostoriju u zonu komfora . 💪 Šta dobijate: 2 u 1 funkcija –","2990.00 RSD"
"9587074728235","LED METEORSKA KIŠA dekoracija","https://www.kupilica.com/products/led-meteorska-kisa","https://cdn.shopify.com/s/files/1/0843/5738/2443/files/2_4893d2f0-e3c4-4f91-b72b-3c6a8a249738.jpg?v=1721212863","Nova godina dolazi, a vi i dalje nemate dvorište okićeno tako da vam svi zavide? Uz samo jednu novogodišnju dekoraciju možete učiniti da vaše dvorište postane isto onakvo kao sa novogodišnjih filmova! LED METEORSKA KIŠA sadrži 8 led štapova gde se svaki niz može nadovezivati jedan na drugi. Sijalice","1799.00 RSD"
"9587062898987","LED Projektor","https://www.kupilica.com/products/led-projektor","https://cdn.shopify.com/s/files/1/0843/5738/2443/files/5_e2163dad-7ee5-458f-8894-b7634364e463.jpg?v=1721212540","Mini Projektor - Full HD 1080P, prenosiv i savršen za kućno bioskopsko iskustvo Glavne karakteristike: 1080P Full HD podrška: Pruža oštar i jasan prikaz slike u visokoj rezoluciji za optimalno iskustvo gledanja filmova, serija ili prezentacija. Prenosiv i kompaktan: Sa kompaktnim dizajnom, ovaj mini","5999.00 RSD"
"10049837203755","Led rasveta sa senzorom pokreta","https://www.kupilica.com/products/led-lampa-sa-senzorom","https://cdn.shopify.com/s/files/1/0843/5738/2443/files/2_a9b468c4-1b47-4ce4-aecb-93fbd0354331.png?v=1755195357","📞 PORUČIVANJE NA BROJ 063/788-42-63 Tražiš pametno 🤖, praktično 🛠 i štedljivo 💰 osvetljenje koje radi umesto tebe? 💡 BENEFITI LED LAMPE SA SENZOROM: 🚶♀️ Automatsko paljenje – reaguje na pokret ⚡ Ušteda do 80% energije 🌟 Prijatno, toplo svetlo 🔧 Laka montaža – bez bušenja i kablova 💧 Otporna na vlagu","1490.00 RSD"
"9368627642667","Ležaljka Ljuljaska Za Drvo i Baštu sa komarnikom","https://www.kupilica.com/products/lezaljka-ljuljaska-za-drvo-i-bastu-sa-komarnikom","https://cdn.shopify.com/s/files/1/0843/5738/2443/files/viber_image_2021-08-15_14-11-06-926.jpg?v=1715160643","Kampujte bez komaraca i buba Uživajte izvan kuće na najbolji mogući način Lagana i komforna vreća za spavanje, veoma jaka Budite brzi, ograničene količine Ako ste avanturista, volite kampovanje ili samo želite da odmarate u vašem dvorištu u lepim i toplim danima bez prisustva dosadnih komaraca, ovo ","1990.00 RSD"
"9368629477675","Ležaljka za drvo sa drvenim letvicama","https://www.kupilica.com/products/lezaljka-za-drvo-sa-drvenim-letvicama","https://cdn.shopify.com/s/files/1/0843/5738/2443/files/Untitled-design.png?v=1715160736","-Viseca ležaljka za ljuljanje sa drvenim letvicama -Drvene letvice šire ležaljku na odredenu širinu -Na krajevima se nalaze omce radi lakšeg kacenja i montiranja -Zgodna za odmor pored reke, u dvorištu, na balkonu, kampovanju. . . -Zauzima vrlo malo mesta kada je spakovana -Dimenzije platna 190x80cm","1990.00 RSD"
"9371085242667","Ljuljaška za terasu i dvorište","https://www.kupilica.com/products/ljuljaska-za-terasu-i-dvoriste","https://cdn.shopify.com/s/files/1/0843/5738/2443/files/ljuljaska-za-terasu.webp?v=1715240493","Ulepšajte terasu ili vrt sa ovom prelepom ljuljaškom. Ljuljaška za terasu je napravljena od metalne konstrukcije, pletenog kanapa tako da je veoma izdržljiva. Naravno, ovo nije samo ljuljaška za terasu , možete je postaviti gde god vi želite. Na vrhu ima metalne alke za kačenje tako da je možete zak","3500.00 RSD"
"8893821681963","Magična leteća lopta","https://www.kupilica.com/products/magicna-leteca-lopta","https://cdn.shopify.com/s/files/1/0843/5738/2443/files/A3.webp?v=1701013829","ZABAVAN INTERAKTIVAN DRON U OBLIKU LOPTE! Vreme leta je 10-12 minuta nakon 15-20 minuta punjenja! ZABAVA ZA ČITAVU PORODICU Deca će je obožavati a čak i stariji neće ostati imuni. EFEKAT BUMERANGA Samo je bacite i lopta sama pronalazi put nazad u vaše ruke! PRELEPI SVETLOSNI EFEKTI Loptica sadrži sv","1490.00 RSD"
"8988688056619","Magična ruža u staklenom zvonu","https://www.kupilica.com/products/magicna-ruza","https://cdn.shopify.com/s/files/1/0843/5738/2443/files/7_a01e0a44-45c4-4bd2-9298-9b4fe522b8d3.png?v=1705855045","Ruža koja ne vene — traje godinama bez vode, bez brige, bez menjanja ✅ Ne treba je zalijevati ni menjati — svilena ruža pod staklom ostaje ista i posle godinu dana ✅ Zaštićena od prašine i dodirivanja — staklo čuva ružu, ne treba je čistiti ni posebno paziti ✅ Svetli bez kabla i adaptera — LED na 3 ","1499.00 RSD"
"9368704713003","Magični dvorac za decu","https://www.kupilica.com/products/magicni-dvorac-za-decu","https://cdn.shopify.com/s/files/1/0843/5738/2443/files/IMG-a69b4e8090157359a4a4446ab972d0cf-V.jpg?v=1715164717","Obradujte svoje najmilije ovim predivnim dvorcem!? Veoma je lagan za nosenje,pa te moze pratiti i kad krenes na put,a na moru moze posluziti kao tvoj licni sator koji ce te stiti od sunca.Lako se sklapa,pakuje,odlaze uz minimalno zauzimanje prostora. Stvorite slatko kraljevstvo u bilo kom uglu kuće","1999.00 RSD"
"9587064963371","Magični vodeni flomasteri (12 flomastera + kašika)","https://www.kupilica.com/products/magicni-vodeni-flomasteri-12-flomastera-kasika","https://cdn.shopify.com/s/files/1/0843/5738/2443/files/0_73a76b36-c8f2-43e8-998d-f386c384bb54.jpg?v=1721212580","Oživite svoje crteže Jedinstven princip rada: Magični flomasteri nisu razgradivi u vodi, omogućavajući sličicama da lepršaju i plutaju na bilo kojoj vodenoj površini. Magičan efekat je zagarantovan! Čak 8 raznolikih nijansi: Svestrani set omogućava crtanje po keramičkim ili staklenim površinama, pru","999.00 RSD"
"10051870851371","Magnetne Trakice za Disanje (30 komada) – Protiv Hrkanja i Za Lako Disanje Tokom Dana i Noći","https://www.kupilica.com/products/magnetne-trakice-za-disanje-30-komada-protiv-hrkanja-i-za-lako-disanje-tokom-dana-i-noci","https://cdn.shopify.com/s/files/1/0843/5738/2443/files/71RiF7oZPpL._AC_SL1500.jpg?v=1755411336","🌙 Zamislite noć bez hrkanja i buđenja na svaka dva sata Koliko puta ste se probudili neispavani jer je nos bio zapušen, ili vas partner budio zbog hrkanja? Magnetne trakice za nos rešavaju upravo to – otvaraju disajne puteve i omogućavaju miran san već od prve upotrebe. 💨 Dišite slobodno, bez umetan","1990.00 RSD"
"8872322040107","Magnetni set štapića i kugli 64 dela","https://www.kupilica.com/products/magnetni-set-stapica-i-kugli","https://cdn.shopify.com/s/files/1/0843/5738/2443/files/5_1a4abdfd-88db-4ce5-9748-58f3bcb2a565.png?v=1699962488","Vaša deca će provoditi sate uz ovu igračku - podstiče kognitivni razvoj - - razvija kreativnost - - podstiče saradnju sa drugom decom - Učenje kroz igru Pored toga što se deca mogu zabaviti, oni takođe mogu naučiti i unaprediti veštine, kao što su kreativnost, mašta, prostorno razmišljanje, logičke ","1990.00 RSD"
"10049852768555","Magnetni vakumski držač za telefon","https://www.kupilica.com/products/magnetni-vakumski-drzac-za-telefon","https://cdn.shopify.com/s/files/1/0843/5738/2443/files/1_95ec26a2-da0f-41dd-b4db-dc13c87719eb.png?v=1756115606","PORUČIVANJE NA BROJ 063/788-42-63 MAGNETNI DRŽAČ ZA TELEFON – NE MRDA NI MILIMETAR! 📱🧲💥 Ovaj mali ali moćni držač drži telefon kao da je zavaren – bilo gde i bilo kad! 😎 Zaboravi na padanje , klizanje i improvizacije po autu , kuhinji ili stolu . Ovo je držanje na najvišem nivou! 💪 SNAŽAN. PAMETAN. ","1360.00 RSD"
"9587044155691","Makaze za kalemljenje i orezivanje + gratis traka","https://www.kupilica.com/products/makaze-za-kalemljenje-i-orezivanje-gratis-traka","https://cdn.shopify.com/s/files/1/0843/5738/2443/files/main-image-1_68439076-8d7b-4baf-9d06-74b64ec00ad1.jpg?v=1721212041","Sa našim makazama vaše orezivanje voćki i drugih biljaka biće mnogo lakše a pritom sa ovim makazama imate priliku da na jednostavan način pripremite biljke i voće za kalemljlenje. Ove makaze su posebno dizajnirane za kalemljenje. Omogućava pripremu čak 3 vrste kalemljenja pomoću različitih lopatica ","1899.00 RSD"
"9947781103915","Mašina za vakumiranje hrane","https://www.kupilica.com/products/masina-za-vakumiranje-hrane","https://cdn.shopify.com/s/files/1/0843/5738/2443/files/2_3ae8e4ed-9b50-4e3b-9c3e-2904c207e5e3.png?v=1743774278","Očuvajte svežinu svojih namirnica! ✅ Uživajte u hrani kao da je tek pripremljena. Smanjite bacanje hrane i uštedite novac. VAŠ SAVEZNIK U KUHINJI Produžava svežinu hrane do 5 puta duže ✔ Snažan vakum uklanja vazduh i sprečava kvarenje ✔ Jednostavno korišćenje jednim pritiskom na dugme ✔ Kompaktan di","1990.00 RSD"
"9368611815723","Maska za ronjenja sa dodatkom za gopro","https://www.kupilica.com/products/maska-za-ronjenja-sa-dodatkom-za-gopro","https://cdn.shopify.com/s/files/1/0843/5738/2443/files/viber_image_2021-08-03_12-47-59.jpg?v=1715159811","Profesionalna maska za ronjenje koja prekriva celo lice. Poseduje držač za GoPro kameru. Obezbedjuje izuzetan vidik od 180° . Specijalan raspored komora onemogućava magljenje. Možete disati i na nos i na usta a u isto vreme ne morate držati nikakvu cevku u ustima. . . Cev je priključena direktno na ","2499.00 RSD"
"9368623546667","Maskirni šator za kampovanje","https://www.kupilica.com/products/maskirni-sator-za-kampovanje","https://cdn.shopify.com/s/files/1/0843/5738/2443/files/6_45ecf4b5-9083-4bc7-85f4-bc24cfc6d087.png?v=1773937784","🏕️ VAŠA NEPROBOJNA TVRĐAVA U PRIRODI – SPREMNA ZA 2 MINUTA! Dosta vam je komplikovanih šatora, savijenih šipki i sati izgubljenih na uputstva koja nemaju smisla? Zamislite zaklon koji nudi maksimalnu zaštitu , a postavlja se brže nego što skuvate kafu. Predstavljamo vam taktički maskirni šator nove ","3500.00 RSD"
"9587040878891","Meda koji diše uz muziku i svetlo","https://www.kupilica.com/products/meda-koji-dise-uz-muziku-i-svetlo","https://cdn.shopify.com/s/files/1/0843/5738/2443/files/2_14bf8b6a-e8fd-493c-9ca3-57247980ae87.jpg?v=1721211951","Magični pratilac za vašu bebu Tražite idealnu igračku koja će vašem mališanu doneti smirenost i udobnost? Upoznajte najnoviji član našeg asortimana - Med koji diše, svetli i svira uspavanku. Umirujuće disanje i nežna muzika Ova jedinstvena plišana igračka dolazi sa neverovatnim sposobnostima. Njen","2199.00 RSD"
"8867042754859","Meda skrivalica","https://www.kupilica.com/products/meda-skrivalica","https://cdn.shopify.com/s/files/1/0843/5738/2443/files/5_105f2b54-d26f-4728-85b4-75a4bc1a4794.png?v=1699732284","Ultimativni interaktivni plišani drugar za vašeg mališana - Mekan i nežan - - Interaktivan zvuk - - Podržava zdrav razvoj dečijeg mozga - Izaziva smeh i radost kod vašeg deteta 1. Plišani meda voli da podigne ćebence i sakrije se iza njega, tako će i deca vežbati skrivanje zajedno sa njim! 2. Meda o","1990.00 RSD"
"9817266880811","Memorijska kartica","https://www.kupilica.com/products/memorijska-kartica","https://cdn.shopify.com/s/files/1/0843/5738/2443/files/Memorijske_kartice_1.jpg?v=1733302595","Memorijska kartica 32 i 64gb { ""@context"": ""https://schema.org"", ""@type"": ""Product"", ""name"": ""Memorijska kartica"", ""sku"": ""1471"", ""brand"": { ""@type"": ""Brand"", ""name"": ""Kupilica"" }, ""offers"": { ""@type"": ""Offer"", ""priceCurrency"": ""RSD"", ""price"": ""1000.00"", ""availability"": ""https://schema.org/InStock"",","1000.00 RSD"
"9025019117867","Mesalica-mikser za mesanje farbe, kreca, fasade","https://www.kupilica.com/products/mesalica-mikser-za-mesanje-farbe-kreca-fasade","https://cdn.shopify.com/s/files/1/0843/5738/2443/files/IMG-e7cdf159858174c941c7446aa3f32c21-V.jpg?v=1707155583","‘-Visenamenska mesalica -Mešalica za mešanje boja, lepkova, gipsa, maltera, smole i drugih materijala -Snaga 2000w -Brzina obrtaja: 1200r/min { ""@context"": ""https://schema.org"", ""@type"": ""Product"", ""name"": ""Mesalica-mikser za mesanje farbe, kreca, fasade"", ""sku"": ""1478"", ""brand"": { ""@type"": ""Brand"",","4500.00 RSD"
"9990873383211","Mini dron gt3","https://www.kupilica.com/products/mini-dron-gt3","https://cdn.shopify.com/s/files/1/0843/5738/2443/files/slider_images_6_6a42bcc1-0cc5-4f20-8cb7-67affc1f5776.jpg?v=1748860760","Otkrijte slobodu letenja: Vaš savršeni dron za neverovatne avanture! Zaboravite na brigu, uživajte u letu! Naš revolucionarni dron donosi potpunu sigurnost zahvaljujući potpuno zatvorenom dizajnu propelera , štiteći vas i vašu okolinu. Sa svojom kompaktnom veličinom i lakoćom prenosivosti , vaš novi","3999.00 RSD"
"9587053756715","Mini prenosiva klima","https://www.kupilica.com/products/mini-prenosiva-klima","https://cdn.shopify.com/s/files/1/0843/5738/2443/files/3_fd65aa6f-8d5a-4304-af60-0e7019d8031d.jpg?v=1721212292","KREIRAJTE SOPSTVENU ZONU KOMFORA Efikasna u hlađenju prostora i čuvanju energije! Ekološka Za razliku od ostalih klima ne sadrži freon i ostale supstance koje štete okolini. Laka upotreba Sve što treba da uradite jeste da sipate vodu u klimu i spremna je za korišćenje. Izuzetno brzo hlađenje Zahvalj","1599.00 RSD"
"9380202905899","Mini telefon","https://www.kupilica.com/products/mini-telefon","https://cdn.shopify.com/s/files/1/0843/5738/2443/files/1698431015-Hee1597b5d324464483372f8bde19c4c1N.jpg?v=1715500726","Potpuno funkcionalan telefon za pozivanje, primanje poziva, slanje i primanje SMS poruka. Ima bluetooth povezivanje, imenik, istoriju poziva, poseduje audio snimanjem.. Telefon ima dva slota za sim kartice (Dual sim), radi na svim mrežama (Sim free) Poseduje slot za mikroSD karticu, sa koje se može ","1990.00 RSD"
"10042677559595","Multifunkcionalne krpe za čišćenje 5+5 gratis","https://www.kupilica.com/products/multifunkcionalne-krpe-za-ciscenje-5-5-gratis","https://cdn.shopify.com/s/files/1/0843/5738/2443/files/3_7d37d223-81f8-4ee7-aab0-d95d5591dfbc.webp?v=1754226155","Izuzetna efikasnost u čišćenju Ova žičana krpa za čišćenje je vaš novi najbolji saveznik u kuhinji! Zahvaljujući svom jedinstvenom dizajnu, savršeno uklanja tvrdokorne masnoće i ostatke hrane sa posuđa, šporeta, sudopera i drugih površina. Nema više napornog trljanja – uz minimalan napor dobijate be","990.00 RSD"
"9371293745451","Municija za pistolj za lemljenje plastike","https://www.kupilica.com/products/municija-za-pistolj-za-lemljenje-plastike","https://cdn.shopify.com/s/files/1/0843/5738/2443/files/municija-za-pistolj-za-lemljenje-plastike-500-komada-pametna-kupovina-34496227443005_720x720_c02a5c65-de15-40e4-8f6c-ab3b96304fd4.webp?v=1715245131","Set od 500 komada municije za pištolj namenjenog lemljenju plastike. Svaki komad odlikuje visok kvalitet i preciznost, čineći lemljenje bržim i efikasnijim. Ovaj set je idealan za profesionalnu upotrebu u radionici, ali i za hobi entuzijaste koji traže pouzdane materijale za svoje projekte. Uz ovu o","999.00 RSD"
"10176576618795","Muzicka lokomotiva sa deda mrazom i simulacijom snega","https://www.kupilica.com/products/muzicka-lokomotiva-sa-deda-mrazom-i-simulacijom-snega","https://cdn.shopify.com/s/files/1/0843/5738/2443/files/8dca49_bc8f3764a8f846f086cc3a3a0b79b75a_mv2.avif?v=1764922247","Svetleća muzička dekoracija sa efektom padajućeg snega 🚂✨ ❄️ Šta nedostaje klasičnim prazničnim dekoracijama? Mnogi ukrasi izgledaju lepo, ali nemaju onu čaroliju koja zaista oživi prostor. Bez pokreta, svetlosti i emocije, teško je stvoriti toplu prazničnu atmosferu koja mami osmeh svakom ko uđe u ","4490.00 RSD"
"10176574325035","Muzički TV sa deda mrazom i simulacijom snega","https://www.kupilica.com/products/muzicki-tv-sa-deda-mrazom-i-simulacijom-snega","https://cdn.shopify.com/s/files/1/0843/5738/2443/files/8dca49_183ad6529b644372a8966aefc66a0195_mv2.avif?v=1764921872","Retro Muzička Novogodišnja Kutija – Vintage TV koji oživljava zimsku bajku ✨🎅 ❄️ Šta nedostaje većini prazničnih dekoracija? Mnogi novogodišnji ukrasi deluju lepo, ali ne stvaraju onu toplu, živu atmosferu koju želimo tokom praznika. Bez pokreta, svetlucanja i magije – prostor ostaje bez pravog praz","3500.00 RSD"
"9587049693483","Nasloni za glavu","https://www.kupilica.com/products/nasloni-za-glavu","https://cdn.shopify.com/s/files/1/0843/5738/2443/files/0_b51c274e-7598-42d0-a8d3-37679f452cbe.jpg?v=1721212185","BEZ UKOČENOSTI VRATA Da li Vam se ikada desilo da odspavate u automobilu, ali kada stignete na odredište, probudite se sa bolovima ili ukočenim vratom? Da, to je grozno - i često se to dešava kada nemate odgovarajuću podršku za vrat. Naši jastuci za glavu za sedište automobila menjaju to, pružajući ","2099.99 RSD"
"9368656773419","Nastavak za šrafilicu-lisičarka testera","https://www.kupilica.com/products/nastavak-za-srafilicu-lisicarka-testera","https://cdn.shopify.com/s/files/1/0843/5738/2443/files/viber_image_2022-01-24_10-55-29-731.jpg?v=1715162335","Fenomenalan dodatak pretvara vašu šrafilicu ili bušilicu u testeru za drvo ili metal u roku od jednog minuta Poseduje mehanizam za menjanje sečiva koji se pokreće pomoću poluge,brzo zamenite sečiva bez upotrebe dodatnih alata Mogu se rezati različiti materijali: sečenje drveta, sečenje čeličnih ce","1699.00 RSD"
"9368731746603","Nindža nož-glava za trimer","https://www.kupilica.com/products/nindza-noz-glava-za-trimer","https://cdn.shopify.com/s/files/1/0843/5738/2443/files/Ninja-Blade-nastavak-za-trimer-sa-6-nozeva-600x600.webp?v=1715165820","Glava za trimer sa 6 pokretnih noževa za košenje trave, rastinja, šikare… Nož je izrađen od visokokvalitetnih materijala i veoma je izdržljiv Nož je univerzalan, centralna rupa je prečnika 2,54 cm (1 inč) Odgovara trimerima Demon, Prolinetech, Stihl, Echo, Husqvarna i još mnogim drugim Nož je previđ","1350.00 RSD"
"9587030294827","Opustajući jastuk za vrat","https://www.kupilica.com/products/opustajuci-jastuk-za-vrat","https://cdn.shopify.com/s/files/1/0843/5738/2443/files/main-image-1_2_25791f7b-f3be-400e-8988-1fd02ac68e5c.jpg?v=1721211651","Smanjuje bolove u vratu i ramenima Ovaj uređaj za istezanje vrata pomaže u smanjenju bolova u vratu, pruža olakšanje od napetosti u vratu, umanjuje dosadne glavobolje i migrene, te vraća pravilnu posturu vratnog dela kičme. Ekološki materijali za maksimalnu udobnost Jastuk za masažu vrata izrađen je","1299.00 RSD"
"9023346082091","Oralni irigator-Električni aparat za čišćenje desni i zuba","https://www.kupilica.com/products/elektricni-aparat-za-ciscenje-desni-i-zuba","https://cdn.shopify.com/s/files/1/0843/5738/2443/files/135046212_624854c19b0d35-41340831image.jpg?v=1707127873","Brzo i jednostavno isperite zube i desni pomocu ovog ispiraca. Samo napunite vodom ili sredstvom za ispiranje usta i usmerite i pritisnite da biste očistili prljavstinu i ostatke hrane izmedju zuba i desni Vazduh pravi pritisak i voda nezno uklanja ostatke hrane. Negujte svoje desni i zube, pogotovu","1999.00 RSD"
"9368696029483","Organizator polica ispod sudopere","https://www.kupilica.com/products/organizator-polica-ispod-sudopere","https://cdn.shopify.com/s/files/1/0843/5738/2443/files/112340-n-k-nas-w-klasik-korejski-stilu-nerdajuceg-celika-multi-funkcionalni-sudoperi-rack-bijele.jpg?v=1715164284","Multifunkcionalna polica za ispod sudopere je savršeno rešenje za organizaciju vaše kuhinje. Napravljena od visokokvalitetnih materijala, ova polica je stabilna, čvrsta i izdržljiva, pružajući vam dugotrajnu upotrebu. Uz ovu policu možete efikasno iskoristiti prostor ispod sudopere, oslobađajući vaš","1990.00 RSD"
"9368692916523","Pačiji tobogan","https://www.kupilica.com/products/paciji-tobogan","https://cdn.shopify.com/s/files/1/0843/5738/2443/files/61L31QIeGYL._AC_UF1000_1000_QL80.jpg?v=1726812391","IGRAČKA ZA PENJANJE PO STEPENICAMA - PAČIJI TOBOGAN Unesite radost i zabavu u svaki dan!✓ Gledajte kako vaša deca uživaju u igri.✓ Razvijajte kreativnost i motoričke veštine kroz igru.✓ NEODOLJIVA ZABAVA ZA DECU Pametni dizajn: Električna patka koja se sama penje po stepenicama - Automatski se vraća","1490.00 RSD"
"10174141563179","Pametna susilica za ves","https://www.kupilica.com/products/pametna-susilica-za-ves","https://cdn.shopify.com/s/files/1/0843/5738/2443/files/1_1779b07d-bb02-4f42-8cba-190698fd0cc8.png?v=1764627034","Suvo, ravno i spremno za nošenje za ~10 minuta — bez pegle i razvlačenja konopaca. Zaboravi na vlagu u stanu, veš koji danima visi i sate uz dasku za peglanje. Ovaj pametni 2-u-1 uređaj istovremeno suši i ravna tkaninu , pa tvoja garderoba izlazi suva, glatka i osvežena — dok ti piješ kafu. Zašto će","2500.00 RSD"
"9936646734123","Pametna vaga: Vaš lični asistent za savršeno zdravlje!","https://www.kupilica.com/products/pametna-vaga-vas-licni-asistent-za-savrseno-zdravlje","https://cdn.shopify.com/s/files/1/0843/5738/2443/files/Body-Fat-Scales-Intelligent-Electronic-Weight-Scale-High-Digital-BMI-Scale-Mass-Health-Body-Composition-Analyzer-Monitor_1.78d921314566d89135638c4_787b0aa4-6f4e-4a43-a7d0-d05165ad1d1d.webp?v=1742690945","Otkrijte put do idealne telesne forme uz našu pametnu digitalnu vagu! Doživite neverovatnu promenu i usavršite svoje zdravlje uz našu izvanrednu pametnu vagu ! Ova pametna vaga za merenje telesnog sastava i težine je ključ vašeg uspeha ka zdravom i srećnom životu. Čarobna tehnologija za vrhunske rez","1990.00 RSD"
"8883624214827","Pametne Led lampice za jelku 10m","https://www.kupilica.com/products/pametne-led-bluetooth-sijalice-za-jelku-10m","https://cdn.shopify.com/s/files/1/0843/5738/2443/files/Podrzavaiphoneiandroid.png?v=1700561949","Ulepšajte deci ove predstojeće praznike sa pametnim rgb lampicama - Predivna dekoracija - -Rad u ritmu muzike - - Kontrola preko aplikacije - MOGU SE KORISTITI ZA KIĆENJE CELOKUPNOG AMBIJENTA ŠTO ČINI ZABAVU JOŠ VEĆOM 1. Umesto samo jelke možete ukrasiti celu sobu 2. Odlične su i za dvorište jer su ","1690.00 RSD"
"10049263763755","Pametni 4K Dron sa Kamerom i Daljinskim","https://www.kupilica.com/products/pametni-4k-dron-sa-kamerom-i-daljinskim","https://cdn.shopify.com/s/files/1/0843/5738/2443/files/3_781b7040-21d4-41fd-a471-b39140389cd2.png?v=1755102173","📞 PORUČIVANJE NA BROJ: 063/788-42-63 Tražiš idealan poklon za dete, tatu, dečka ili avanturistu u sebi? 🚀 Upoznaj E88 pametni dron – spoj zabave, tehnologije i nezaboravnih trenutaka! 💡 BENEFITI DRONA E88: HD kamera za savršene snimke iz vazduha Sklopivi dizajn – lako se nosi svuda Upravljač sa ekra","2690.00 RSD"
"10090937385259","Pametni robot za čišćenje prozora – Kristalno čisti prozori bez truda","https://www.kupilica.com/products/pametni-robot-za-ciscenje-prozora-kristalno-cisti-prozori-bez-truda","https://cdn.shopify.com/s/files/1/0843/5738/2443/files/1_072c4574-0002-46b4-bd84-038c7ef98782.png?v=1758266899","Dosadno i opasno čišćenje prozora je prošlost Visoki prozori, teško dostupna mesta i naporno ribanje – sve to oduzima vreme i nosi rizik od nezgoda. Penjanje na merdevine i sate provedene u čišćenju sada možete da zaboravite. Inovativno rešenje za besprekorno čiste površine Pametni robot za čišćenje","12990.00 RSD"
"9023034753323","Pištolj za varenje plastike sa priborom","https://www.kupilica.com/products/pistolj-za-varenje-plastike-sa-priborom","https://cdn.shopify.com/s/files/1/0843/5738/2443/files/pistolj_za_varenje_plastike.webp?v=1724952486","Zavarite plastiku kao profesionalac! Naš inovativni pištolj za zavarivanje plastike omogućava vam brzo i jednostavno popravljanje svih vrsta plastičnih delova. Pištolj pravi snažan lem na polomljenom mestu Zahvaljujući snažnom grejaču i različitim vrstama spajalica, postići ćete čvrstu i dugotrajnu ","2990.00 RSD"
"9371221098795","Plišana vidra","https://www.kupilica.com/products/plisana-vidra","https://cdn.shopify.com/s/files/1/0843/5738/2443/files/1713974121-175826.jpg?v=1715244091","Plišana umirujuća vidra je jedinstvena plišana igračka koja vašoj bebi pomaže da je uteši baš kao i vi. Njen mekani stomak kreće se gore-dole u ​​ritmičnom pokretu koji oponaša disanje kako bi prirodno umirio vašu bebu, zajedno sa do 30 minuta smirujuće muzike, zvučnih efekata i blagih svetala. Sa","2200.00 RSD"
"9936310796587","Plišani Stitch - LAKO DO SNOVA I NEŽNOSTI","https://www.kupilica.com/products/plisani-stitch-lako-do-snova-i-neznosti","https://cdn.shopify.com/s/files/1/0843/5738/2443/files/image_31.png?v=1742592205","PLIŠANI STITCH KOJI DIŠE – LAKO DO SNOVA I NEŽNOSTI Dete ne može da zaspi? ili Poklon koji će raznežiti tvoju devojku! VAŠE DETE TEŠKO ZASPI? Ovaj plišani STITCH će ga brzo umiriti! Melodija i nežno pulsirajuće svetlo srca stvaraju savršen ambijent za san. Samo jedan zagrljaj i dete brzo tone u san ","1999.00 RSD"
"9368610308395","Prenosiva mini klima","https://www.kupilica.com/products/prenosiva-mini-klima","https://cdn.shopify.com/s/files/1/0843/5738/2443/files/355680047_122317127557389_1005960821417109305_n.jpg?v=1715159715","-Lagana i samostalna, prenosna mini klima sadrži dvostruko veću snagu hlađenja zahvaljujući poboljšanom filteru za isparavanje vode -Zahvaljujući hidro-rashladnom sistemu, mini klima kombinuje rad ventilacijskog sistema i sistema za isparavanje vode. -Osim što hladi vazduh ova klima u isto vreme vla","1599.00 RSD"
"9977569280299","Prenosivi tuš","https://www.kupilica.com/products/prenosivi-tus","https://cdn.shopify.com/s/files/1/0843/5738/2443/files/5_e2796705-ec68-423b-ad5f-00a0adc696fe.png?v=1747258716","Prijatno osvešenje bilo gde! ✓ Vaš lični tuš – uvek i svuda uz vas! ✓ Zaboravite neprijatnosti na putu, uživajte u čistoti i svežini . ✓ PRATILAC SVAKOG AVANTURISTE Prenosivi tuš za kampovanje, dvorište, putovanja i još mnogo toga – 4000 mAh baterija za do ČAK 60 minuta tuširanja! – Dva režima rada ","2990.00 RSD"
"9882519732523","Profesionalna mašinica za šišanje pasa sa dodacima","https://www.kupilica.com/products/profesionalna-masinica-za-sisanje-pasa-sa-dodacima","https://cdn.shopify.com/s/files/1/0843/5738/2443/files/1_f5c4b4db-7cb7-4a57-b17e-fb82f65cb2fa.png?v=1738256939","Profesionalna mašinica za šišanje pasa sa dodacima - UŠTEDITE NOVAC, NEGOVANJE KOD KUĆE Volite svog psa, ali se brinete o troškovima za redovno šišanje? Konačno možete dobiti rezultate profesionalnog šišanja u udobnosti vašeg doma! Održavajte krzno svog ljubimca urednim i čistim uz mašinicu koja će ","2190.00 RSD"
"10388466139435","Profesionalna mašinica za šišanje pasa — komplet","https://www.kupilica.com/products/profesionalna-masinica-za-sisanje-pasa","https://cdn.shopify.com/s/files/1/0843/5738/2443/files/profesionalna-masinica-za-sisanje-pasa-lifestyle-kupilica.webp?v=1779093674","Zašto plaćati salon kad možete sami? Poseta psa grooming salonu košta 2.000–5.000 RSD. Jednom mesečno to je 24.000–60.000 RSD godišnje — samo za šišanje. Profesionalna mašinica za šišanje pasa radi isti posao kod kuće, bez stresa za psa i bez čekanja termina. Tihi motor — pas se ne plaši Najveći pro","2990.00 RSD"
"9047701061931","Profesionalne makaze za kalemljenje","https://www.kupilica.com/products/profesionalne-makaze-za-kalemljenje","https://cdn.shopify.com/s/files/1/0843/5738/2443/files/6_c548000e-680f-4cad-82de-b55f1be45b68.png?v=1708338043","Povećajte šansu da će vam se kalem primiti na preko 95% uspešnosti Kvalitetne makaze za kalemljenje vinove loze i voća,konstruisane da prave idealan spoj na kalemljenoj grani. Pogodna za orezivanje i kalemljenje Alatka koja vam omogućava da prvo pripremite biljku za kalemljenje, obrezujući višak liš","1999.00 RSD"
"9986494529835","Profesionalni Ventilator za kafiće,restorane,bašte","https://www.kupilica.com/products/profesionalni-ventilator-sa-rasprsivacem-vode-za-hladenje-na-otvorenom-terase-dvorista","https://cdn.shopify.com/s/files/1/0843/5738/2443/files/Industrijski_ventilator.jpg?v=1748769914","Pretvorite Vrele Dane u Oaze Svežine: Snižava temperaturu do čak 12°C Dosta vam je zagušljivog vazduha i beskorisnih ventilatora? Zaboravite na njih! Naš profesionalni mobilni ventilator sa raspršivačem vode nije običan ventilator – to je vaša karta za instant osveženje. Koristeći naprednu centrifug","22990.00 RSD"
"9023007686955","Projektor zvezdanog neba sa blutut zvučnikom","https://www.kupilica.com/products/projektor-zvezdanog-neba-sa-blutut-zvucnikom","https://cdn.shopify.com/s/files/1/0843/5738/2443/files/Zvezdano-nebo-projektor.webp?v=1707102067","Pretvorite dečiju sobu u pravu zvezdanu idilu. Zvezdano nebo projektor je idealna stvar za dečije rođendane, proslave. Koriste ga i odrasli za žurke. Konkretno ovaj model je i projektor i zvučnik. Tako da možete napraviti savršenu kombinaciju svetlosnih efekata i muzike. Povezuje se sa telefonom pre","1800.00 RSD"
"8893793370411","Retro konzola 10000 igrica+ 2 bežična džojstika","https://www.kupilica.com/products/retro-game-hdmi-stick-konzola-10000-igrica-2-bezicna-dzojstika","https://cdn.shopify.com/s/files/1/0843/5738/2443/files/2_9f102936-8338-417c-af38-1b2d0a73bb01.png?v=1701007809","Da li Vam nedostaju dani kad ste bili bezbrižno dete i samo se igrali?Uz ovu konzolu sada možete da se podsetite tog detinjeg osećaja i da stvorite nove uspomene sa svojim najmlađima. S ovom izvanrednom konzolom možete uživati u preko 10.000 klasičnih igara (64GB) koje su obeležile generacije. Neke ","2990.00 RSD"
"9380947591467","Rotirajuća PTZ KAMERA 12MPX Wi-FI","https://www.kupilica.com/products/rotirajuca-ptz-kamera-12mpx-wi-fi-ip-a6-icsee","https://cdn.shopify.com/s/files/1/0843/5738/2443/files/A6-kamera.webp?v=1715504365","Spoljna WiFi kamera rotirajuća za video nadzor PTZ IP66 je idealna za vanjsku sigurnosnu kontrolu svog objekta. Ova PTZ kamera se može okretati i pomicati u različitim pravcima kako bi se pokrila široka oblast. Povezivanje preko WiFi-ja omogućava lako upravljanje i pristup video sadržaju sa bilo koj","3200.00 RSD"
"9069279838507","Rotirajući  X mop čistač","https://www.kupilica.com/products/rotirajuci-x-mop-cistac","https://cdn.shopify.com/s/files/1/0843/5738/2443/files/1_0dd89f62-518f-4720-af16-1efea215d9b7.png?v=1709243154","Temeljno Čišćenje bez Napora: Upoznajte rotirajući X Mop! Inovativni X-oblik omogućava lako manevrisanje i efikasno čišćenje ispod nameštaja i u teško dostupnim uglovima. Efikasno čišćenje : Dubinsko uklanjanje prljavštine. Višekratna upotreba : Perive mikrofiberske krpe. Lako manevrisanje : Dostupn","1290.00 RSD"
"9368664965419","Rotirajući nastavak za slavinu 1080 stepeni","https://www.kupilica.com/products/rotirajuci-nastavak-za-slavinu-1080-stepeni","https://cdn.shopify.com/s/files/1/0843/5738/2443/files/888a2846-bd74-4f4c-94fc-ad4bc554750f.jpg?v=1715162720","Univerzalni nastavak na slavinu za pranje svakog ćoška vašeg lavaboa ili sudopere.Zbog njegovog zglobnog dizajna može se rotirati bukvalno pod svakim mogućim uglom. Poseduje dva režima rada,za jaki pritisak vode recimo za ispiranje i mekši režim za svakodnevnu upotrebu. U sebi sadrži i filter za pre","1500.00 RSD"
"10249765880107","Ručni paročistač","https://www.kupilica.com/products/rucni-parocistac","https://cdn.shopify.com/s/files/1/0843/5738/2443/files/Nenaslovljenidizajn_97.png?v=1769085176","MOĆ PARE U TVOJOJ RUCI! 💨 Zaboravi na ribanje , hemikalije i umor ! Uz ovaj višenamenski ručni paročistač , tvoj dom će sijati kao nikad pre – dubinski čist i potpuno bezbedan ! ✨ ČISTOĆA KOJU VIDIŠ. SIGURNOST KOJU OSEĆAŠ. 🛡️ ✔ Dubinsko čišćenje svih površina – para prodire u spojeve, pore i tkanine","4990.00 RSD"
"8850550096171","Šator zamak za princeze","https://www.kupilica.com/products/sator-zamak-za-princeze-poklon-lampice","https://cdn.shopify.com/s/files/1/0843/5738/2443/files/6.png?v=1699037046","ŠATOR ZA MALE PRINCEZE SA PUNO ENERGIJE - Dete će satima biti zaokupljeno igrom - - Ne može da dosadi - - Ima mesta da se i odrasli priključe - KONAČNO IGRAČKA OD KOJE SE DETE NEĆE ODVAJATI 1. Mogu da se igraju zajedno sa drugom decom 2. Da prave čajanke ili druge maštovite igre 3. Mogu čak i da spa","2500.00 RSD"
"9587018400043","Savijajuća silikonska metla","https://www.kupilica.com/products/savijajuca-silikonska-metla","https://cdn.shopify.com/s/files/1/0843/5738/2443/files/0_86f50d5a-bf4b-4d87-add4-cfe7d2fd46ee.jpg?v=1721211324","1. Silikonska metla za sve - Savršen alat za čišćenje vašeg kupatila! Opremljena je mekanim silikonskim čekinjama koje ne ogrebuju površine, a istovremeno pružaju temeljito čišćenje. 2. Silikonska glava za brisanje - Izrađena od visokokvalitetnog silikona, ova glava omogućava temeljito i efikasno br","1399.00 RSD"
"10057595355435","Savitljivi Brisko 1+1 Gratis","https://www.kupilica.com/products/savitljivi-brisko-1-1-gratis","https://cdn.shopify.com/s/files/1/0843/5738/2443/files/1_4cdef7aa-8866-49fe-99e5-5bdc8ed540c9.png?v=1755892459","PORUČIVANJE NA BROJ: 063/788-42-63 Tražiš praktično i efikasno rešenje za čišćenje teško dostupnih mesta u domu? 🏡✨ Predstavljamo ti Savitljivi Brisko – 1+1 komplet GRATIS — alat koji čini čišćenje jednostavnim i zabavnim! 🧹 💡 BENEFITI SAVITLJIVOG BRISKA: 🔄 Savija se i prilagođava svakom uglu – stig","1490.00 RSD"
"9050032472363","Sef u  obliku knjige","https://www.kupilica.com/products/sef-u-obliku-knjige","https://cdn.shopify.com/s/files/1/0843/5738/2443/files/Pametni-sef-u-obliku-knjige.webp?v=1708506114","Pametni sef u obliku knjige – Sef u obliku knjige namenjen za čuvanje dragocenosti, poput novca, nakita, kompjuterskih diskova i drugih vrednih stvari. Pronalaženje bezbednog mesta za odlaganje novca i ostalih dragocenosti predstavlja jedan od čestih problema, naročito ukoliko imate radoznale goste.","2000.00 RSD"
"9022805573931","Sef za ključeve","https://www.kupilica.com/products/sef-za-kljuceve","https://cdn.shopify.com/s/files/1/0843/5738/2443/files/sef-za-kljuceve.webp?v=1707082557","✔Sef za ključeve je kompaktni sef za odlaganje ključeva ili kartica. Otvara se pomoću šifre koja se, prema potrebi, može menjati. ✔Sef je načinjen od kvalitetnog čelika, a sam brojčanik je zaštićen plastičnim poklopcem koji se spušta prilikom unosa šifre. ✔Idealan je za postavljanje na zid (na poleđ","1690.00 RSD"
"9371211333931","Set 208 bojica za crtanje i školu","https://www.kupilica.com/products/set-208-bojica-za-crtanje-i-skolu","https://cdn.shopify.com/s/files/1/0843/5738/2443/files/kids-art-painting-set-watercolor-pencil_main-4.webp?v=1715243944","Set za crtanje za decu u praktičnom koferu sa ručkom je savršen izbor za male i velike umetnike. Ovaj školski pribor sadrži čak 208 delova za crtanje i bojenje, pomažući deci da razviju svoju kreativnost , maštu i slikarske veštine . NEKA VAŠE DETE RAZVIJA KREATIVNOST I BUDE PRAVI MALI UMETNIK! Ovaj","2200.00 RSD"
"9368653758763","Set 4 dekorativne zidne solarne lampe","https://www.kupilica.com/products/set-4-dekorativne-zidne-solarne-lampe","https://cdn.shopify.com/s/files/1/0843/5738/2443/files/b0fe8e5b-5fc3-4aaf-83c6-93deaa58f173.jpg?v=1715162138","Set 4 prelepe solarne lampe,pogodne za dvorišta, parkove,stepeništa, prolaze itd. Pored toga što osvetljavalju prostor,svetlo koje bacaju i sa gornje i sa donje strane kao i sam oblik lampe izuzetno ulepšavaju ambijent. Danju se pune sunčevom energijom,dok noću svetle. Potpuno su autonomne u nisu im","1990.00 RSD"
"9368655528235","Set krunica za drvo,gips od 19-64mm","https://www.kupilica.com/products/set-krunica-za-drvo-gips-od-19-64mm","https://cdn.shopify.com/s/files/1/0843/5738/2443/files/viber_image_2022-02-03_14-16-20-654.jpg?v=1715162240","Odličan set od 11 delova za bušenje savršenih rupa obima od 19-64mm. Pogodan za bušenje rupa u drvetu,gipsu,tankim limovima i drugim mekšim legurama. Sadrži 8 testera od ugljeničnog čelika,2 luka sa pilot bušilicom i inbus ključ. { ""@context"": ""https://schema.org"", ""@type"": ""Product"", ""name"": ""Set k","1500.00 RSD"
"9024940671275","Set magičnih markera 80 komada","https://www.kupilica.com/products/set-magicnih-markera-80-komada","https://cdn.shopify.com/s/files/1/0843/5738/2443/files/3_0d01d884-721a-48d6-b523-9bc5c7584ff7.png?v=1709136442","Otključajte Vrata Mašte: Umetničko Putovanje Vaših Mališana Počinje Ovde! Pretvorite Svaki Potez u Emociju: Kreirajte sa Srcem! Širok Spektar Boja : Sa 80 različitih nijansi na raspolaganju, ovaj set nudi beskrajne mogućnosti za izražavanje kreativnosti i emocija kroz umetnost, omogućavajući vam da ","1690.00 RSD"
"9587018957099","Set za podizanje namestaja","https://www.kupilica.com/products/set-za-podizanje-namestaja","https://cdn.shopify.com/s/files/1/0843/5738/2443/files/1_e425d478-a596-41f4-9c58-c8ff731494ab.jpg?v=1721211342","Zadržite svoj oslonac! Više nećete zavisiti od jače polovine kako biste pomerili krevet, ormar ili frižider. Sada to možete postići samostalno! Efikasnost uz brzinu Uštedite dragoceno vreme i poštedite svoje telo dodatnog fizičkog napora! 👉 Prilagodljivi podizači Gornji deo podizača se rotira za 360","1299.00 RSD"
"9368624529707","Set Za Vodenu Maglu – Hladjenje Terasa i Otvorenih Prostora","https://www.kupilica.com/products/set-za-vodenu-maglu-hladjenje-terasa-i-otvorenih-prostora","https://cdn.shopify.com/s/files/1/0843/5738/2443/files/IMG-cd01a4cd36fbfc7d6f02811a1fba0633-V.jpg?v=1719096488","Jednostavno, efikasno, jeftino, ekonomično, mobilno/prenosivo uz brzu ugradnju „sam svoj majstor“. Umesto da se u letnim mesecima povučete u klimatizovanu sobu, možete uživati na svojoj terasi u vrtu ili na balkonu uz spoljašnju klimu koja vodenom parom snižava temperaturu vazduha 5 i više stepeni. ","1200.00 RSD"
"9587024953643","SHIATSU Jastuk - Prenosivi masažer","https://www.kupilica.com/products/shiatsu-jastuk-prenosivi-masazer","https://cdn.shopify.com/s/files/1/0843/5738/2443/files/massage-pillow-8-d-head-infrared-heating_main-1.jpg?v=1721211510","JEDINSTVENA ŠIJACU MASAŽA Kombinacija tehnika stiskanja i zagrevanja obezbediće potpuno opuštanje tela i ublažavanje bolova. Koristite ga bilo gde na telu da biste ublažili bol. OSEĆAJ JE PRAVI, KAO MASAŽA RUKAMA Grejna glava i tehnika kružnog stiskanja pružaju osećaj masaže rukama. PRIUŠTITE SEBI O","1999.00 RSD"
"9380917051691","Sigurnosna 4k Dual kamera za Video nadzor sa AI detekcijom i sirenom 8x Zoom","https://www.kupilica.com/products/ip-kamera-ptz-kamera-sa-3-sociva-i-sirenom-4k-8x-zoom","https://cdn.shopify.com/s/files/1/0843/5738/2443/files/Ip_kamera_PTZ_kamera_sa_2_sociva_i_sirenom_4k_8x_zoom.webp?v=1778489633","Sigurnosna kamera sa dvostrukim sočivima postavlja nove standarde u video nadzoru. Dve kamere Sirena 8x Zoom Dvosmerna komunikacija AI detekcija pokreta Sa inovativnom dual sočivima, AI detekcijom (veštačkom inteligencijom) ljudi i vodootpornom kućištem, ova kamera garantuje izvanredno precizno nadg","4490.00 RSD"
"9935124922667","Sklopivi krevet","https://www.kupilica.com/products/sklopivi-krevet","https://cdn.shopify.com/s/files/1/0843/5738/2443/files/1_3e6626f1-76e8-46f9-b3df-f20198e1b3a0.png?v=1743445748","Tražite prenosivi krevet za goste ili kampovanje? Spavajte udobno, gde god da ste! ✓ Kada udobnost i praktičnost idu ruku pod ruku. ✓ Idealno rešenje za putovanja, kampovanje, ili kada gosti iznenade. ✓ SKLOPIVI KREVET ZA SVE PRILIKE Zaboravite na tvrde podloge i neudobne improvizacije! Ovaj prenosi","7000.00 RSD"
"9371101921579","Smart satić Q528 sa GPS praćenjem","https://www.kupilica.com/products/smart-satic-q528-sa-gps-pracenjem","https://cdn.shopify.com/s/files/1/0843/5738/2443/files/AGPS-LBS-pracenje.webp?v=1715240917","U bilo kom trenutku možete znati gde se nalazi vaše dete. Smart satić Q528 ima ugrađen GPS traker, tako da preko aplikacije možete pratiti kretanje vašeg deteta. Pored funkcije praćenja, sat ima mogućnost slanja glasovnih i tekstualnih poruka. Nešto više o funkcijama ćemo u daljem delu teksta. Smart","2790.00 RSD"
"10313362571563","Smile-Perfect Formula","https://www.kupilica.com/products/smile-perfect-formula","https://cdn.shopify.com/s/files/1/0843/5738/2443/files/1_fa0d1029-6fd7-4d2c-9509-a2d3f0de77f4.png?v=1774702127","Vratite samopouzdanje svakom fotografijom! 📸 Neka vaš osmeh ponovo zablista onako kako zaslužujete. Predstavljamo vam Smile-Perfect Formula – vaše tajno oružje za besprekoran izgled u svakoj prilici. Bilo da se spremate za važno slavlje, sastanak ili jednostavno želite da se osećate bolje, ovo je re","1599.00 RSD"
"10042688078123","Sofa na naduvavanje šarena","https://www.kupilica.com/products/sofa-na-naduvavanje-sarena","https://cdn.shopify.com/s/files/1/0843/5738/2443/files/image_1.webp?v=1754229890","Uživajte u maksimalnoj udobnosti uz naš premium naduvni sofa set! Izrađen od kvalitetnog PVC materijala sa mekanom flokiranom površinom, ovaj set je izdržljiv, siguran i otporan na oštećenja. Višenamenska upotreba – Lagan i prenosiv, savršen je za dnevni boravak, spavaću sobu, balkon, baštu, kampova","3990.00 RSD"
"9368649597227","Solarna fontana","https://www.kupilica.com/products/solarna-fontana","https://cdn.shopify.com/s/files/1/0843/5738/2443/files/2194f8bb-8e6a-4678-88ad-4e47be6f5c58.jpg?v=1715161894","🌞 Želite li mirnu oazu u svom dvorištu? ✨ Umorni ste od betonske monotonije i žudite za daškom prirode i opuštanja? Zamislite: vaša terasa postaje mirno utočište, a bazen izgleda kao scena iz magazina. Dosta je bilo sanjanja – vreme je za akciju! SOLARNA FONTANA KOJA MENJA SVE Solarna fontana je mno","1690.00 RSD"
"9368633573675","Solarna Lampa LED Solarne led lampe za baštu 10 komada","https://www.kupilica.com/products/solarna-lampa-led-solarne-led-lampe-za-bastu-10-komada","https://cdn.shopify.com/s/files/1/0843/5738/2443/files/113349742_60616b6386fd17-193672001616997130274-2.jpg?v=1715160965","HIT na trzistu su solarne lampe od nerdjajuceg celika! Po ceni datoj u oglasu dobijate kvalitetnu lampu, koja preko solarne ploce - celije puni bateriju i kada senzor dan-noc registruje da vise nema svetlosti za punjenje, automatski aktivira svetla! Lampa je otporna na rdjanje kao i sve vremenske us","2000.00 RSD"
"9998365491499","Solarna lampa sa efektom plamena","https://www.kupilica.com/products/solarna-lampa-sa-efektom-plamena","https://cdn.shopify.com/s/files/1/0843/5738/2443/files/sl.webp?v=1749716896","Radi sama celu noć — bez utičnice, bez žice, bez trošenja baterija ✅ Svetli celu noć bez dopunjavanja — solarni panel puni Li-ion bateriju tokom dana, baklja svetli do 8 sati sama ✅ Stoji vani po kiši bez zaštite — IP65 znači da rosa, kiša i prskanje je ne isključuju ni ne oštećuju ✅ Ne morate je uk","1690.00 RSD"
"9587000901931","Solarne lampe za baštu 10 kom","https://www.kupilica.com/products/solarne-lampe-za-bastu-10-kom","https://cdn.shopify.com/s/files/1/0843/5738/2443/files/main-image-1_e969cea5-2622-4009-b533-ab1a07b6b5b2.jpg?v=1721210692","Set od 10 komada solarnih LED baštenskih lampi su idealne za dvorišta, bašte, terase, kamenjare, saksije. Lampe su izradjene od nerdjajućeg čelika i svaka u sebi ima po jednu LED lampicu. Veoma su otporne na sve vremenske uslove. Svaka LED lampa sadrži punjivu bateriju koja se u toku dana puni solar","1999.00 RSD"
"9937946083627","Solarni Rasterivač Krtica (1 + 1 GRATIS)","https://www.kupilica.com/products/solarni-rasterivac-krtica-1-1-gratis","https://cdn.shopify.com/s/files/1/0843/5738/2443/files/2_8b3ea800-bac4-4022-b8d3-5b672190c79b.png?v=1742850423","Oslobodite svoju baštu od krtica – Ekološki i jednostavno! 🌱 Zaboravite na rupe u travnjaku i uništene biljke! 😫 Sa solarnim rasterivačem krtica , vaša bašta će konačno biti zaštićena, a vi ćete uživati u prelepo uređenom dvorištu. 🏡 🌞 Solarno napajanje – Bez baterija, bez dodatnih troškova! Ovaj ur","1590.00 RSD"
"9994453516587","Solarni reflektor-lazna kamera","https://www.kupilica.com/products/solarni-reflektor-lazna-kamera","https://cdn.shopify.com/s/files/1/0843/5738/2443/files/solarni_ref.jpg?v=1749199918","Osigurajte svoj dom pametno i povoljno: Lažna solarna kamera sa reflektorom! Tražite savršeno rešenje za osvetljenje i spoljnu sigurnost koje neće opteretiti vaš budžet? Predstavljamo vam lažnu solarnu kameru sa reflektorom – pametan izbor za stambene ulice, bašte, parkinge, prilaze i dvorišta! Ovaj","1499.00 RSD"
"9586986549547","Suncobran za auto-zaštita za šoferšajbnu","https://www.kupilica.com/products/suncobran-za-auto-zastita-za-sofersajbnu","https://cdn.shopify.com/s/files/1/0843/5738/2443/files/Kisobran-za-sofersajbnu-automobila-zastita-od-sunca_slika_O_147139381_92e3e74d-4a81-433c-bf66-743a752c2a2d.webp?v=1749076744","Recite Zbogom Užarenom Automobilu: Predstavljamo Suncobran za Šoferšajbnu! Da li vam je dosta da ulazite u auto koji je vreo kao rerna? Imate li osećaj da se sedišta lepe, a volan je prevreo za dodir? Znamo taj osećaj – i imamo rešenje! Suncobran za šoferšajbnu automobila je vaš novi najbolji prijat","1290.00 RSD"
"9022798201131","Super upijajuća podloga za kupatilo 1+1 GRATIS","https://www.kupilica.com/products/super-upijajuca-podloga-za-kupatilo-1-1-gratis","https://cdn.shopify.com/s/files/1/0843/5738/2443/files/B1_2_a6387735-027f-4c9b-b200-9b7ee67bd111.jpg?v=1707080098","Neka vaše kupatilo, ili bilo koja druga prostorija više ne bude mokrog poda uz pomoć ove podloge sa superupijajućim karakteristikama, antiklizajućim svojstvima i ugodnim materijalima. Specijalna ponuda, uz kupljenu jednu, drugu dobijate gratis. Snažna moć upijanja Karakteristika ovakvih prostirki je","1399.00 RSD"
"8903394656555","Svemirska stanica staza","https://www.kupilica.com/products/svemirska-stanica-staza","https://cdn.shopify.com/s/files/1/0843/5738/2443/files/1_b335b4db-9f16-42f1-9567-6776fc89a973.png?v=1701601647","NAJUZBUDLJIVIJA AVANTURA ZA DEČAKE - razvija kreativnost - - lako se sklapa i rasklapa - - odlična zabava - EDUKATIVNA IGRAČKA ZA MALIŠANE SVIH UZRASTA 1. Razvija logičko razmišljanje 2. Rešavanje problema i kreativno razmišljanje 3. Koordinaciju ruku i očiju 4.Razvija fine motoričke veštine Putanje","1990.00 RSD"
"9973383037227","Svetleća Klima na Paru","https://www.kupilica.com/products/svetleca-klima-na-paru","https://cdn.shopify.com/s/files/1/0843/5738/2443/files/3_918d721c-1dba-42a7-b0e8-3e062b19fce6.png?v=1747082616","USB SVETLEĆA KLIMA NA PARU Oseti osveženje gde god da si! ✓ Savršena klima za sobu , kancelariju i putovanja . ✓ Hladnoća , para i magično RGB svetlo u jednom! ✓ MALA KLIMA – VELIKA RAZLIKA 3u1 funkcija: hladi , ovlažuje i osvetljava prostor – Dovoljno je da sipaš vodu i led i uživaš u rashlađenju –","1989.00 RSD"
"9587002114347","Toalet noćno LED svetlo","https://www.kupilica.com/products/toalet-nocno-led-svetlo","https://cdn.shopify.com/s/files/1/0843/5738/2443/files/125684959_617a8192bb5d44-915564431635418491387.jpg?v=1721210759","LED SVETLO ZA WC ŠOLJU SA SENZOROM ZA POKRET Često idete u toalet tokom noći? Osvetlite svoju WC šolju blagim svetlom kako biste je lakše videli u mraku. Senzor pokreta će osetiti Vaše prisustvo i automatski upaliti svetlo. Ovo je proizvod koji će Vam sigurno sačuvati san! Automatski sistem detekcij","899.00 RSD"
"10042679755051","Tocilica za pivo sa blutut zvucnikom","https://www.kupilica.com/products/tocilica-za-pivo-sa-blutut-zvucnikom","https://cdn.shopify.com/s/files/1/0843/5738/2443/files/tocilicazapivosazvucnikom.webp?v=1754227259","Točilica za Pivo Raketa Tocilica Bluethoot Tocilica sa Led Svetlom Transformišite svoja okupljanja i proslave uz dispenzer za piće Peymalera sa bokalom za pivo od 3 litra. Ovaj inovativni dispenzer ne samo da nudi velikodušan kapacitet za održavanje vaših pića hladnim, već uključuje i Bluetooth z","3500.00 RSD"
"10052828561707","Transformers Auto na Daljinsko Upravljanje","https://www.kupilica.com/products/transformers-auto-na-daljinsko-upravljanje","https://cdn.shopify.com/s/files/1/0843/5738/2443/files/9_20cc4bec-f427-413a-9ab8-4127842b28f7.png?v=1755539917","📞 PORUČIVANJE NA BROJ: 063/788-42-63 Tražiš poklon koji spaja akciju, zabavu i transformaciju? 🚗🤖 Transformers auto na daljinsko upravljanje – igračka koja oduševljava i decu i odrasle! 💡 BENEFITI TRANSFORMERS AUTA: 🚗 Pretvara se iz auta u robota jednim klikom 🎮 Daljinsko upravljanje – lako za decu ","4990.00 RSD"
"9368673222955","Transportni sef za pištolj i dragocenosti","https://www.kupilica.com/products/transportni-sef-za-pistolj-i-dragocenosti","https://cdn.shopify.com/s/files/1/0843/5738/2443/files/2_b76d048f-43c8-493d-b53e-7bcb46dfea2c.png?v=1774698635","VAULT MASTER – Neprobojna Čelična Tvrđava za Vaše Najvrednije Stvari ✨ Da li ste sigurni da su vaše dragocenosti zaista bezbedne? U svetu gde su provale u domove i automobile svakodnevica, obično čuvanje u fioci ili kaseti automobila više nije dovoljno. Predstavljamo vam VAULT MASTER – masivni porta","3700.00 RSD"
"9883013710123","Ultra19 Pametni sat - Gratis AirPods","https://www.kupilica.com/products/ultra19-pametni-sat-gratis-airpods","https://cdn.shopify.com/s/files/1/0843/5738/2443/files/1_71b76d92-65d2-46ab-89a2-f3c83828aa18.png?v=1738343475","Ultra 19 pametni sat + 8 narukvica + Poklon AirPods slušalice Povežite se sa budućnošću! ✓ Inovacija, stil i funkcionalnost u jednom. ✓ Osvojite svaki dan sa lakoćom. ✓ Savršeno i za vaše dete. ✓ KOMPLET KOJI VAM DONOSI SVE Pametni sat Ultra 19: Moderna tehnologija u elegantnom dizajnu - Praćenje zd","2690.00 RSD"
"9368619221291","UV baterijska lampa","https://www.kupilica.com/products/uv-baterijska-lampa","https://cdn.shopify.com/s/files/1/0843/5738/2443/files/20190426_202809.jpg?v=1715160219","Izuzetno jaka UV lampa Mini CREE Q5, ima opciju signalizacije (strob), dva moda jacine, 50% i 100%, kao i zum mod kojim mozete svetlo fokusirrati u jednu tacku. Ovo su neke od primena: -susenje UV gela / UV laka -provera novcanica / dokumenata -proveru curenja gasa kod klime -nalazenje insekata -za ","1500.00 RSD"
"9586990022955","UV lampa protiv komaraca","https://www.kupilica.com/products/uv-lampa-protiv-komaraca-1","https://cdn.shopify.com/s/files/1/0843/5738/2443/files/rpMhUSB-Powered-LED-Mosquito-Killler-Lamp-Insect-Trap-Quiet-Uv-Killer-Lamp-Pest-Control-Summer-Mosquito.webp?v=1721210146","360° hvatanje komaraca Lampa protiv komaraca koristi inovativnu tehnologiju 360° hvatanja komaraca i ima 8 svetlosnih perli koje udvostručuju efekat hvatanja komaraca. Ova tehnologija omogućava efikasno i sveobuhvatno hvatanje komaraca iz svih pravaca. Imitacija grejanja tela Lampa koristi tehnologi","1299.00 RSD"
"9049990889771","Uveličavajući ekran za telefon","https://www.kupilica.com/products/uvelicavajuci-ekran-za-telefon","https://cdn.shopify.com/s/files/1/0843/5738/2443/files/1_8ee5686d-fb6e-4b6f-a2d3-629d5ea7eb1b.png?v=1708503368","Ako na svom pametnom telefonu gledate puno filmova i video zapisa, a želite ublažiti vizualni umor i nelagodu od fokusiranja na malom ekranu duži vremenski period, onda imamo perfektno rešenje za vas! Gledajte filmove i video zapise kao nikad pre: Lupa za ekran deluje poput ekrana projektora telefon","990.00 RSD"
"9380397711659","Ventilator za vrat Cool Off","https://www.kupilica.com/products/ventilator-za-vrat","https://cdn.shopify.com/s/files/1/0843/5738/2443/files/prenosim-ventilator-za-vrat-65cdf9a5c0272-1280x1280-550x550w.png?v=1715502415","-Cool Off lični hladnjak je savršeno rešenje za održavanje svežine i udobnosti tokom vrelih letnjih dana. -Bez obzira da li ste kod kuće, na poslu ili u pokretu, ovaj kompaktni i prenosivi hladnjak može obezbediti osveženje od vrućine. -Ovaj hladnjak ima naprednu tehnologiju evaporativnog hlađenja, ","1490.00 RSD"
"9586998182187","Viseca lezaljka za dvoriste","https://www.kupilica.com/products/viseca-lezaljka-za-dvoriste","https://cdn.shopify.com/s/files/1/0843/5738/2443/files/main-image-1_0cd5bcd3-c88e-4fe3-8ded-cf9fe61c3f1b.jpg?v=1721210554","Ležaljka viseća Ljuljaska za dvorište Zakačite je bilo gde i uživajte u lepom vremenu napolju dok se ljuljate i udišete svež vazduh. Viseća ležaljka za odmor pored reke, u dvorištu, na balkonu, kampovanju i sličnim mestima. Mnogo je praktična i zauzima vrlo malo mesta kada je spakovana. Izrađena je ","1299.00 RSD"
"10089753739563","Višenamenska česma – 1080° rotacija za maksimalnu praktičnost","https://www.kupilica.com/products/visenamenska-cesma-1080-rotacija-za-maksimalnu-prakticnost","https://cdn.shopify.com/s/files/1/0843/5738/2443/files/2_moda_rada.png?v=1758184906","Dosadno i nepraktično pranje više nije opcija Klasične slavine imaju ograničen domet i stalno prskaju okolo, otežavajući pranje posuđa, sudopere ili čak samo ispiranje lica. Svakodnevne sitnice postaju frustracija, a čišćenje oduzima mnogo više vremena nego što bi trebalo. Revolucija u vašem domu – ","1999.00 RSD"
"10073600655659","Vreća za pranje obuće-čuva mašinu i obuću","https://www.kupilica.com/products/vreca-za-pranje-obuce-cuva-masinu-i-obucu","https://cdn.shopify.com/s/files/1/0843/5738/2443/files/71A38mCKhAL._AC_SL1500.jpg?v=1757059633","Torba za pranje obuće – čistije, brže, bez oštećenja 👟🧼 Uštedite vreme, vodu i trud! Recite zbogom natapanju, trljanju i sušenju cipela danima. ★★★★★ 4.9/5 (412 recenzija) Prilagođeno svim vrstama i veličinama obuće 👟 Bilo da perete sportske cipele ili vaše omiljene bele patike, sve se uklapa i izla","1490.00 RSD"
"8912530768171","Zaštitna cerada za šoferšajbnu","https://www.kupilica.com/products/zastitna-cerada-za-sofersajbnu","https://cdn.shopify.com/s/files/1/0843/5738/2443/files/1_e94e6c0f-606b-4dfb-9192-cb09bcab0427.png?v=1702074308","Zaštita od mraza i višestruka upotreba za zimu Zaštita od snega, mraza, leda, susnežice, grada, snežnih oluja, kao i drugih zimskih loših vremenskih uslova. Ne kasnite više na posao jer gubite vreme na čišćenje snega i mraza sa šoferke Samo skinite ceradu i odmah ste spremni za pokret Može se korist","1490.00 RSD"
"9787220951339","Zaštitna cerada za šoferšajbnu","https://www.kupilica.com/products/zastitna-cerada-za-sofersajbnu-1","https://cdn.shopify.com/s/files/1/0843/5738/2443/files/1_00df348a-31c9-48f2-9b19-4ee4fc5da4e2.png?v=1731920746","Zaštita od mraza i višestruka upotreba za zimu Zaštita od snega, mraza, leda, susnežice, grada, snežnih oluja, kao i drugih zimskih loših vremenskih uslova. Ne kasnite više na posao jer gubite vreme na čišćenje snega i mraza sa šoferke Samo skinite ceradu i odmah ste spremni za pokret Može se korist","1499.00 RSD"
"9586997854507","Zaštitna Kuhinjska Folija (1+1)","https://www.kupilica.com/products/zastitna-kuhinjska-folija-2m","https://cdn.shopify.com/s/files/1/0843/5738/2443/files/esSKKitchen-Oil-proof-Waterproof-Stickers-Anti-fouling-High-temperature-Aluminum-Foil-Kitchen-Stove-Cabinet-Stickers-self.jpg?v=1721210542","Zaštitna Kuhinjska Folija je super jednostavan i brz način da zaštitite posebno izložene delove kuhinje vodi ili prskanju ulja. Posebno je pogodna u kuhinjama gde nema pločica ili radna površina nije otporna dovoljno. Stare kuhinje ćete pretvoriti u nove sa novim sjajem za trenutak. Pakovanje sadrži","1399.00 RSD"
"9381506842923","Zaštitna maska za celo lice","https://www.kupilica.com/products/zastitna-maska-za-celo-lice","https://cdn.shopify.com/s/files/1/0843/5738/2443/files/VIZIR-zastitna-MASKA-za-celo-lice-6.jpg?v=1715506335","Vizir maska ergonomskog dizajna, model koji pokriva celo lice. Bez magljenja Staklo je širokog vidnog polja. Otporan na grebanje, bez unutrašnjih odsjaja. Podesivi lastiš oko glave Širok spektar upotrebe pogodan za različite namene. Vizir maska ergonomskog dizajna, model koji pokriva celo lice. Poli","990.00 RSD"
